0,1,2,3,4,5,6,7,8,9,10,11,label
0.739407002925873,1,1,1,1,0,1,1,1,1,0,0,1
0.685600173473358,0.8,3,4,3,0.2,6,5,3,1,0.5,0,1
0.685600173473358,0.8,3,4,3,0.2,6,5,3,1,0.5,0,1
0.944250682989756,1,3,3,3,0,3,4,3,1,1,1,1
0.404750500406538,0.142857142857143,1,1,1,0,1,1,1,1,0.25,0.333333333333333,1
0.92797264456749,1,2,2,2,0,2,2,2,1,1,1,1
0.551027461886406,0.333333333333333,3,3,2,0.5,6,6,3,1,0,0,1
0.488574276367823,0.333333333333333,4,3,1,0,10,5,1,1,0.5,0.166666666666667,1
0.941664308309555,1,2,2,2,0,2,2,2,1,0,0,1
0.941664308309555,1,2,2,2,0,2,2,2,1,0,0,1
0.730698734521866,1,2,2,2,1,2,2,2,1,0,0,1
0.825983554124832,1,3,3,3,0,6,5,3,1,0.333333333333333,1,1
0.648709774017334,1,2,1,1,1,1,1,2,1,1,1,1
0.66098740696907,0.5,1,1,1,0,1,1,1,1,1,1,1
0.837543338537216,1,4,4,4,0,8,7,4,1,0,1,1
0.736479153009978,0.727272727272727,15,15,14,0.0454545454545454,32,42,14,1,0.25,0.5625,1
0.931416302919388,1,2,2,2,0,4,3,2,1,0,1,1
0.795754283666611,1,2,2,2,1,2,2,2,1,0,1,1
0.618464132150014,0.666666666666667,1,1,1,0,1,1,1,1,1,1,1
0.511457681655884,0.5,0,0,0,0,0,1,1,1,1,0,1
0.634163761138916,0.4,6,2,2,0,18,6,2,1,0,1,1
0.470683509111404,0.4,2,3,1,0,4,3,2,1,0.333333333333333,1,1
0.268022447824478,0,0,0,0,0,0,1,1,1,0,1,1
0.434344423167846,0.411764705882353,2,1,0,0.352941176470588,2,11,5,0,0.714285714285714,0.166666666666667,1
0.690550585587819,1,3,3,3,0,3,5,3,1,1,1,1
0.505073347687721,0.6,1,1,1,0,1,1,2,1,0.333333333333333,0.333333333333333,1
0.869648516178131,1,2,2,2,0,2,2,1,1,0,0,1
0.559108301997185,0.5,3,2,1,0,6,5,1,1,0,1,1
0.599803643922011,0.5,3,4,3,0,13,12,3,1,0.25,0.75,1
0.673610597848892,0.666666666666667,2,3,3,0,3,3,3,1,0.5,0.5,1
0.885662466287613,1,2,2,2,1,2,2,2,1,1,1,1
0.398427109544476,0.166666666666667,1,2,1,0,2,1,2,1,0,0,1
0.528335805450167,0.428571428571429,1,1,5,0.714285714285714,1,1,7,1,0.25,0.333333333333333,1
0.346053544964109,0.142857142857143,1,2,1,0,2,3,2,1,0,0.333333333333333,1
0.725050839078095,0.777777777777778,16,8,9,0,36,18,9,1,0.428571428571429,0.428571428571429,1
0.560759750194848,0.5625,21,9,9,0,42,21,14,1,0.333333333333333,0.444444444444444,1
0.587029854456584,0.666666666666667,1,1,1,0,2,1,1,1,0,0.5,1
0.487870297498173,0.333333333333333,2,3,9,0.444444444444444,3,10,10,1,0.4,0.4,1
0.56546408363751,0.428571428571429,2,2,2,0.571428571428571,2,7,3,1,1,1,1
0.685555398464203,1,3,3,1,0,3,3,1,1,0,1,1
0.699968278408051,1,4,4,4,0,4,6,6,1,0,0.5,1
0.451944593340158,0.125,1,1,1,0,5,6,2,1,0.333333333333333,0.333333333333333,1
0.434269318977992,0.333333333333333,1,1,1,0.333333333333333,1,1,1,1,0,0,1
0.466916269726223,0.222222222222222,2,3,1,0,4,7,2,1,0.166666666666667,0.4,1
0.364284674326579,0.333333333333333,0,0,0,0,0,2,1,0,0,0,1
0.56416230648756,0.5,2,2,1,0.25,2,2,1,1,0.5,0,1
0.417727707574765,0.0416666666666666,1,1,6,0.583333333333333,1,10,23,1,0.8,0.5,1
0.617983971323286,0.714285714285714,1,1,1,0,1,1,1,1,0,0.333333333333333,1
0.482387222349644,0.5,2,2,0,0.5,3,3,1,1,0.666666666666667,0.333333333333333,1
0.533439978957176,0.384615384615385,5,6,8,0.615384615384615,6,6,8,1,0.571428571428571,0.833333333333333,1
0.528915457427502,0.5,1,1,2,0,1,1,2,1,1,0,1
0.618941113352776,0.5,1,1,1,0,2,1,1,1,1,0,1
0.561207075913747,0.833333333333333,0,1,0,0,1,3,3,0,0,0.5,1
0.549773415832808,0.636363636363636,6,6,15,0,14,17,28,1,0.428571428571429,0.3,1
0.892738461494446,1,2,2,2,0,4,3,2,1,0,0,1
0.197352172620595,0.05,1,1,2,0.25,1,5,5,1,0.111111111111111,0.142857142857143,1
0.274197125186523,0,0,0,0,0.333333333333333,0,1,2,0,0.5,0.5,1
0.943616390228272,1,3,3,3,0,3,3,3,1,0,0,1
0.943616390228272,1,3,3,3,0,3,3,3,1,0,0,1
0.664936289191246,0.5,1,2,4,0,5,5,5,1,1,1,1
0.55188309152921,0.333333333333333,1,1,0,0,1,1,1,1,1,1,1
0.372516930103302,0.1,1,1,1,0.1,1,1,8,1,0.166666666666667,0.166666666666667,1
0.512847428520521,0.5,1,4,0,0,4,8,1,1,0.666666666666667,0,1
0.707874089479446,0.875,6,6,7,0.875,12,15,14,1,0.6,0.5,1
0.707874089479446,0.875,6,6,7,0.875,12,15,14,1,0.6,0.5,1
0.830985233187676,1,10,10,4,0,10,10,9,1,0.4,0.5,1
0.708096954557631,0.666666666666667,5,5,4,0,5,7,7,1,0,0.75,1
0.708096954557631,0.666666666666667,5,5,4,0,5,7,7,1,0,0.75,1
0.591373085975647,0.333333333333333,1,1,1,0,3,2,1,1,1,1,1
0.420587243884802,0.4,2,2,1,0,2,7,5,1,0,0.2,1
0.816575199365616,1,2,2,0,0,2,2,1,1,0,1,1
0.60657757371664,0.7,4,4,1,0,4,5,3,1,0.666666666666667,1,1
0.365919462272099,0.142857142857143,1,1,0,0.571428571428571,1,4,3,1,0.333333333333333,0.666666666666667,1
0.951138287782669,1,2,2,2,1,4,3,2,1,0,1,1
0.500450547252383,0.285714285714286,1,1,2,0.285714285714286,1,1,2,1,1,0,1
0.829415172338486,1,1,1,1,1,2,1,1,1,1,1,1
0.854149729013443,1,2,2,2,0,3,2,2,1,0,1,1
0.575697541236877,1,2,2,1,0,5,2,2,1,0,0.333333333333333,1
0.595122882298061,0.571428571428571,1,1,2,0.285714285714286,1,3,3,1,0.333333333333333,0.5,1
0.704688588778178,1,2,2,2,1,2,3,3,1,0,1,1
0.477548667788506,0.2,1,1,2,1,3,2,5,1,1,1,1
0.554984822869301,0.333333333333333,2,2,2,0,4,3,3,1,0.666666666666667,0.666666666666667,1
0.638902855770929,0.857142857142857,3,4,3,0.857142857142857,4,6,6,1,0.4,0.666666666666667,1
0.638902855770929,0.857142857142857,3,4,3,0.857142857142857,4,6,6,1,0.2,0.666666666666667,1
0.972065150737762,1,2,2,2,0,4,3,2,1,1,1,1
0.972065150737762,1,2,2,2,0,4,3,2,1,1,1,1
0.637525141239166,1,0,0,0,0,1,1,1,0,0,0,1
0.599686706066132,0.6,2,2,2,0.4,2,2,3,1,0.5,1,1
0.801713794469833,1,2,2,2,0.75,5,4,3,1,0.666666666666667,0.5,1
0.55636927485466,0.333333333333333,1,1,1,1,1,1,1,1,1,1,1
0.665283650159836,0.5,1,1,1,0.5,1,1,1,1,1,1,1
0.221097786511694,0,0,0,0,0,0,1,1,0,0,0,1
0.677250425020854,0.833333333333333,5,6,3,0.666666666666667,5,4,3,1,0.5,1,1
0.671438296635946,0.666666666666667,1,2,2,0.333333333333333,4,4,5,1,1,1,1
0.750473956267039,1,2,2,1,0,3,2,1,1,0,1,1
0.598264286915461,0.555555555555556,3,3,5,0.555555555555556,3,5,5,1,0.4,0.6,1
0.393114437970022,0.166666666666667,1,1,1,0,3,6,1,1,0,0.5,1
0.919101893901825,1,1,1,1,0,2,1,1,1,1,0,1
0.662621945142746,0.8,3,3,1,1,5,6,2,1,0.666666666666667,0.5,1
0.431998485326767,0.2,1,1,1,0.2,2,2,1,1,0.5,1,1
0.627361536026001,0.666666666666667,1,1,1,0,0,2,1,1,0.5,0.5,1
0.961025178432465,1,2,2,2,0,4,3,2,1,1,1,1
0.503292888402939,0.454545454545454,1,1,1,0,2,3,5,1,0.25,0,1
0.524208717048168,0.5,1,2,2,0.5,4,3,3,1,0.5,0.5,1
0.57896167524159,0.9,5,6,2,0.5,13,12,4,1,0.5,1,1
0.528981609379544,0.411764705882353,6,6,6,0,6,11,9,1,0.2,0.7,1
0.694024443626404,1,2,2,2,1,2,2,2,1,1,1,1
0.629886349042257,1,1,1,2,1,2,2,3,1,1,1,1
0.873379906018575,1,3,3,3,0,6,5,3,1,0,1,1
0.82350492477417,1,2,2,2,1,4,3,2,1,1,1,1
0.463512790203095,0.2,1,2,2,0,4,4,2,1,0.5,1,1
0.534535092115402,0.6,1,1,1,0,4,2,1,1,1,0,1
0.861993730068207,1,4,4,6,1,8,8,8,1,0.666666666666667,0.666666666666667,1
0.861993730068207,1,4,4,6,1,8,8,8,1,0.666666666666667,0.666666666666667,1
0.648089036345482,0.5,2,2,2,0.5,4,3,2,1,0.333333333333333,0.333333333333333,1
0.833592553933462,1,3,3,3,0,3,3,3,1,0,1,1
0.487489919890376,0.470588235294118,6,6,7,0.294117647058823,11,16,13,1,0.428571428571429,0.8,1
0.908213704824448,1,4,4,3,1,4,4,3,1,0.333333333333333,1,1
0.700763911008835,0.5,1,1,1,0.5,1,1,1,1,1,1,1
0.632966031630834,0.666666666666667,1,1,1,1,1,1,1,1,0,0.5,1
0.728327512741089,1,2,2,1,0,1,1,1,1,0,0,1
0.728327512741089,1,2,2,1,0,1,1,1,1,0,0,1
0.567640896354403,0.571428571428571,3,3,1,0.142857142857143,3,4,1,1,0.25,0.333333333333333,1
0.733701744249889,0.857142857142857,4,4,4,1,4,4,5,1,0.25,1,1
0.611652660369873,0.8,2,2,2,0.4,2,4,3,1,0,0.5,1
0.146739969030023,0,0,0,0,0,0,5,1,0,0,0,1
0.197570828348398,0,0,0,0,0,0,1,1,0,0,0,1
0.197570828348398,0,0,0,0,0,0,1,1,0,0,0,1
0.62908923625946,1,2,2,0,0,2,2,1,1,1,0,1
0.62908923625946,1,2,2,0,0,2,2,1,1,1,0,1
0.52255579829216,0.5,4,3,3,0.75,9,7,3,1,0.666666666666667,0.666666666666667,1
0.52255579829216,0.5,4,3,3,0.75,9,7,3,1,0.666666666666667,0.666666666666667,1
0.627057049423456,0.75,2,2,7,0.4375,2,6,15,1,0,0.8,1
0.627057049423456,0.75,2,2,7,0.4375,2,6,15,1,0,0.8,1
0.51249609304511,0.521739130434783,5,6,5,0.173913043478261,6,17,12,1,0.692307692307692,0.545454545454545,1
0.552628868818283,0.6,4,4,1,0.4,2,2,1,1,0.5,0.5,1
0.56388501226902,0.7,1,1,1,0,4,16,5,1,0.333333333333333,0,1
0.56388501226902,0.7,1,1,1,0,4,16,5,1,0.333333333333333,0,1
0.607001520693302,0.75,3,4,4,0.5,6,6,6,1,0.5,0.5,1
0.607001520693302,0.75,3,4,4,0.5,6,6,6,1,0.5,0.5,1
0.81655091047287,1,3,3,3,1,6,5,3,1,0,1,1
0.454449693361918,0.333333333333333,1,1,1,0,1,1,1,1,0,0,1
0.75337473099882,0.909090909090909,9,9,9,1,9,9,9,1,0.444444444444444,0.6,1
0.625175389978621,0.888888888888889,4,4,3,0.555555555555556,5,4,5,1,0.5,0.75,1
0.54952435195446,0.5,1,1,1,0.25,5,3,1,1,0.666666666666667,0.333333333333333,1
0.379415496190389,0.133333333333333,2,2,3,0.2,2,5,4,1,0.6,0.2,1
0.633028402924538,0.5,2,1,1,0,4,3,1,1,0,0,1
0.468325468046325,0.285714285714286,2,3,2,0.285714285714286,5,4,3,1,0.166666666666667,0.2,1
0.296561047900468,0.0625,1,1,1,0,4,12,3,1,0.142857142857143,0.142857142857143,1
0.668062880635262,0.5,1,1,1,0.5,1,1,3,1,0,1,1
0.722107682909284,1,2,2,2,0.285714285714286,6,9,3,1,0.5,1,1
0.873504320780436,1,3,3,3,1,3,3,3,1,0,1,1
0.416566704710325,0.333333333333333,0,1,0,0.444444444444444,2,1,2,1,1,0.5,1
0.622171625494957,0.5,1,1,1,0,1,1,1,1,1,0,1
0.736924052238464,0.666666666666667,2,2,1,0.333333333333333,2,2,1,1,0,1,1
0.546164467930794,0.5,1,1,1,0,1,2,1,1,1,0,1
0.644697964191437,0.714285714285714,5,6,6,0.857142857142857,10,14,7,1,0.6,1,1
0.533537855105741,0.571428571428571,3,4,5,0.607142857142857,17,36,23,1,0.5,0.25,1
0.39561575949192,0.2,1,1,1,0.4,2,3,1,1,0.5,0.5,1
0.71498453617096,1,2,2,2,1,4,2,2,1,1,1,1
0.629588216543198,0.666666666666667,3,4,2,0.333333333333333,7,7,3,1,0.666666666666667,1,1
0.536847736973029,0.538461538461538,5,8,4,0.769230769230769,5,6,6,1,0.428571428571429,0.8,1
0.429130268724341,0.157894736842105,0,0,1,0,0,5,2,0,0.583333333333333,0.111111111111111,1
0.254012750958403,0.0666666666666666,1,1,2,0,3,4,3,1,0.142857142857143,0.5,1
0.782749578356743,1,5,4,6,1,9,10,8,1,0.333333333333333,1,1
0.556544333696365,0.5,2,2,0,0.333333333333333,2,2,2,1,1,1,1
0.146804198622703,0,0,0,0,0,0,2,4,0,0,1,1
0.641347606976827,0.666666666666667,2,2,2,0.333333333333333,5,4,3,1,0.333333333333333,0.666666666666667,1
0.564134260018667,0.333333333333333,1,1,1,0.333333333333333,2,1,1,1,1,1,1
0.656656265258789,0.5,1,1,1,0.5,1,1,1,1,0,0,1
0.719656065106392,1,2,2,4,1,2,2,6,1,0.5,1,1
0.744190335273743,1,1,1,2,0.5,4,2,2,1,1,1,1
0.806312870979309,1,5,5,2,0,5,9,2,1,0.5,0.666666666666667,1
0.955084025859833,1,2,2,2,1,4,3,2,1,1,1,1
0.535576423009237,0.333333333333333,1,1,1,1,1,1,1,1,1,1,1
0.897053599357605,1,2,2,2,0,2,2,2,1,0,1,1
0.635056136051814,0.733333333333333,4,5,3,0.733333333333333,5,13,7,1,0.111111111111111,0.571428571428571,1
0.368883922696114,0,0,1,3,0.428571428571429,8,8,3,1,0.333333333333333,0.333333333333333,1
0.73195410768191,0.666666666666667,0,0,2,0,0,2,3,1,0,0.5,1
0.674124856789907,0.666666666666667,4,4,4,0.666666666666667,7,6,4,1,0.6,1,1
0.726918106277784,0.833333333333333,2,3,3,0.5,9,8,3,1,0.5,1,1
0.907013833522797,1,2,2,2,0,4,3,2,1,1,1,1
0.771984606981277,1,2,1,1,0,2,1,1,1,0,1,1
0.349007828782002,0.166666666666667,3,3,1,0.166666666666667,2,12,3,1,0.285714285714286,0.2,1
0.747908603686553,0.769230769230769,9,10,10,0.769230769230769,19,19,11,1,0.3,0.8,1
0.720415115356445,1,5,5,5,1,12,12,12,1,0.166666666666667,0.8,1
0.773563116788864,0.75,2,3,2,0.75,5,4,2,1,1,1,1
0.476851890484492,0.333333333333333,1,1,1,0.333333333333333,1,3,2,1,1,1,1
0.827844361464183,1,2,2,3,1,4,3,3,1,0,1,1
0.852227926254272,1,2,2,2,0,2,2,2,1,0,1,1
0.57114111383756,0.666666666666667,1,1,1,0.666666666666667,3,1,1,1,0.5,0.5,1
0.396412223311407,0.214285714285714,0,1,0,0,1,15,22,1,0.8,0.5,1
0.471969772130251,0.5,0,0,0,0,0,1,1,1,0.5,1,1
0.727963462471962,1,3,3,4,1,3,3,4,1,0.5,1,1
0.533562150266435,0.666666666666667,0,0,3,0.111111111111111,1,3,3,1,0.25,0.333333333333333,1
0.871905795165471,1,7,7,7,1,7,7,7,1,0,0.8,1
0.686596170067787,0.75,2,2,2,0,2,2,2,1,1,1,1
0.639029443264008,1,1,1,1,0,1,1,1,1,0.666666666666667,0.666666666666667,1
0.954368457198143,1,4,4,4,1,8,7,4,1,0,1,1
0.437534918387731,0.333333333333333,0,0,0,1,0,1,1,0,1,1,1
0.703989446163178,1,5,5,2,0.4,7,9,2,1,0.25,0.25,1
0.461782615850953,0.352941176470588,4,4,2,0.117647058823529,4,4,8,1,0.125,0.142857142857143,1
0.747592926025391,1,1,1,1,0,1,1,1,1,0,1,1
0.58121999672481,0.428571428571429,2,2,2,0,7,8,2,1,0.2,0.25,1
0.951321184635162,1,3,3,3,0,3,3,3,1,1,1,1
0.753692683018744,0.9,6,7,6,0,14,13,6,1,0.375,0.714285714285714,1
0.937441527843475,1,2,2,2,1,2,3,2,1,1,1,1
0.460282444953918,0.333333333333333,0,1,0,0,2,2,2,0,1,0,1
0.619014658033848,0.625,4,5,3,0.5,6,5,3,1,0.333333333333333,0.5,1
0.508263932168484,0.3,3,6,3,0.3,7,6,3,1,0.4,0.4,1
0.598439276218414,0.625,5,5,4,0.5,5,7,6,1,0,0.75,1
0.539771482348442,0.5,1,1,1,0.5,1,1,1,1,0,0,1
0.246974932650725,0,0,0,0,0,0,1,2,0,1,0.5,1
0.589001239836216,0.7,3,3,6,0.7,3,3,6,1,0.428571428571429,0.333333333333333,1
0.414275710781415,0.333333333333333,1,1,1,0,2,1,1,1,0,0,1
0.473496782779694,0.2,0,0,1,0.4,0,1,1,1,0,0,1
0.697891563177109,1,2,2,2,0,4,4,3,1,0.5,1,1
0.932207942008972,1,2,2,2,0,2,2,2,1,0,1,1
0.594663806259632,0.75,9,11,5,0.416666666666667,11,12,5,1,0.222222222222222,0.857142857142857,1
0.546812407234136,0.529411764705882,2,3,2,0.411764705882353,4,7,6,1,0.3,0.7,1
0.663404641672969,0.75,5,5,5,0.75,9,10,6,1,0.142857142857143,0.6,1
0.501975208520889,0.285714285714286,1,1,1,0,5,4,1,1,0.25,0.25,1
0.54345475435257,0.4,2,2,2,0,2,3,3,1,0,1,1
0.593314923346043,0.5,2,2,2,0,2,2,2,1,1,1,1
0.648275742928187,0.666666666666667,2,2,2,0.333333333333333,2,2,2,1,0.5,0.5,1
0.359301839768887,0.2,1,1,1,0,4,6,1,1,0.25,0.5,1
0.611161604523659,0.5,1,1,1,0.5,2,1,1,1,0,1,1
0.747641116380692,1,2,2,0,0,2,2,1,1,1,1,1
0.820011905261448,1,6,6,7,0,6,12,7,1,0.333333333333333,0.666666666666667,1
0.757182121276856,1,2,2,2,0,2,3,2,1,1,1,1
0.484810620546341,0.375,5,5,10,0.75,3,11,11,1,0.833333333333333,0.6,1
0.4454938583076,0.125,1,2,1,0,2,2,1,1,0.5,0.333333333333333,1
0.944954544305801,1,3,2,2,0,5,4,1,1,0,1,1
0.444175403565168,0.333333333333333,1,1,1,0,2,1,1,1,0.5,0.5,1
0.676711022853851,0.5,1,1,0,0,2,1,1,1,0,0,1
0.542811417579651,0.4,2,3,2,0.6,5,6,2,1,0.5,0,1
0.460412594676018,0.4,0,0,2,0.8,0,1,2,1,0.5,0,1
0.795765727758408,1,2,2,2,0,2,2,2,1,0,1,1
0.74849796295166,1,2,2,1,0,3,2,1,1,1,1,1
0.391926497220993,0.166666666666667,2,4,2,0.333333333333333,4,12,2,1,0.75,1,1
0.857705588851656,0.857142857142857,6,6,6,0.857142857142857,6,6,6,1,0,1,1
0.475790065526962,0.4,1,1,1,0.4,1,1,3,1,0.8,0.2,1
0.95558987557888,1,7,4,4,1,7,7,4,1,0.333333333333333,1,1
0.270750023424625,0,0,1,0,0,1,1,1,0,0,0,1
0.579561503948989,0.666666666666667,3,3,5,0.296296296296296,3,14,15,1,0.0909090909090909,0.333333333333333,1
0.868591283048902,1,7,7,7,1,7,7,7,1,0.666666666666667,1,1
0.336278170347214,0.333333333333333,1,1,1,0,1,1,1,1,0,0,1
0.402421632781625,0.1875,0,1,0,0.25,1,10,3,0,0.25,0,1
0.476838519175847,0.333333333333333,0,2,0,0.25,6,7,8,1,0.5,0.5,1
0.44269320193459,0.352941176470588,2,3,5,0,3,15,5,1,0.375,0.571428571428571,1
0.5473657310009,0.4,2,2,2,1,2,3,4,1,1,1,1
0.620788878202438,0.8,0,1,3,0.8,4,7,7,1,0.333333333333333,1,1
0.625045314431191,0.5,1,1,2,1,4,2,3,1,0,0,1
0.569839308038354,0.5,2,2,0,0,2,2,1,1,0.333333333333333,1,1
0.535074031352997,0.542857142857143,11,13,20,0.657142857142857,13,27,21,1,0.5,0.6,1
0.922851959864298,1,3,3,3,0,3,3,3,1,0,0.5,1
0.655116513371468,0.75,1,1,2,0.75,1,1,2,1,0.5,0.5,1
0.486861685911814,0.285714285714286,5,4,12,0.857142857142857,5,14,18,1,0.9375,0.466666666666667,1
0.496772773563862,0.25,1,1,2,0.5,1,1,2,1,0.5,0,1
0.562780454754829,0.5,1,1,1,0,1,2,1,1,0,0,1
0.446357044577599,0.4,1,1,0,0.2,1,7,1,0,0.333333333333333,1,1
0.322627327404916,0.125,1,2,1,0.125,6,8,2,1,0.4,0.5,1
0.301180910851274,0.142857142857143,2,3,1,0,5,5,1,1,0,0.2,1
0.424452463785807,0.166666666666667,1,2,1,0.333333333333333,2,2,1,1,0.333333333333333,1,1
0.714689999818802,1,2,2,1,0,4,2,1,1,1,1,1
0.645779728889465,0.666666666666667,2,2,2,1,2,2,2,1,1,1,1
0.646513322989146,1,3,3,1,0,4,3,1,1,0,0,1
0.642415151000023,1,1,1,1,0.25,2,1,1,1,1,0.5,1
0.827987611293793,1,4,4,2,1,4,4,3,1,0.5,1,1
0.745929569005966,1,3,2,2,0,3,3,2,1,0,0,1
0.66843318939209,0.5,2,2,2,1,2,4,3,1,1,1,1
0.492042156246801,0.583333333333333,1,3,2,0.5,3,11,5,1,0.125,0.75,1
0.56254169344902,0.8,0,1,4,0,1,7,4,1,0,0,1
0.439975500106812,0.4,1,1,1,0.4,1,2,1,1,0.333333333333333,0.5,1
0.456284974302564,0.142857142857143,1,1,1,0.285714285714286,2,6,2,1,1,0.333333333333333,1
0.454391012589137,0.166666666666667,0,0,0,0.333333333333333,0,6,2,0,1,0,1
0.582930058240891,0.5,1,1,1,0,1,2,1,0,1,1,1
0.584694817662239,0.5,1,1,1,0,1,1,1,1,1,0,1
0.502407735586166,0.4,3,2,2,0.4,3,2,2,1,0.5,0.5,1
0.610703070958455,0.777777777777778,1,1,4,0.222222222222222,4,8,7,0,0.75,0.25,1
0.436433989893306,0.272727272727273,3,3,3,1,3,7,7,1,0,0.142857142857143,1
0.569178014993668,0.625,6,5,8,1,6,8,9,1,0.857142857142857,0.714285714285714,1
0.522789788246155,0.4,2,4,4,0,8,7,4,1,0.25,0.5,1
0.575522541999817,0.333333333333333,1,1,1,0,1,1,1,1,1,1,1
0.777905384699504,0.666666666666667,2,3,2,0,5,4,2,1,1,0.5,1
0.277390457041885,0.0434782608695652,1,1,2,0.0869565217391304,1,9,5,1,0,0,1
0.716781377792358,1,2,2,3,1,2,2,3,1,0,1,1
0.875726183255514,1,3,3,3,1,6,5,3,1,0.5,0.5,1
0.801893770694733,1,2,2,2,0.5,2,2,2,1,0,1,1
0.551200598478317,0.5,1,1,1,0,2,1,1,1,0,1,1
0.866278737783432,1,2,2,2,1,6,4,2,1,1,1,1
0.439321748084492,0.333333333333333,0,0,0,0.555555555555556,0,3,3,1,0.666666666666667,0.666666666666667,1
0.695667684078217,0.857142857142857,3,3,3,0.857142857142857,3,4,4,1,0.75,1,1
0.357852276946817,0.0714285714285714,1,1,1,0.285714285714286,1,20,13,1,0.214285714285714,0,1
0.352775006776764,0.19047619047619,1,3,1,0.571428571428571,12,22,6,1,0.2,0.375,1
0.291904479265213,0,0,0,0,0.75,0,1,2,0,0,0,1
0.243762334808707,0,0,1,0,0.75,3,2,1,0,0,0,1
0.416324213147163,0.111111111111111,0,1,0,0.666666666666667,8,13,13,1,0.2,0.8,1
0.353700995445251,0.166666666666667,0,1,0,0,0,2,2,0,0.5,0,1
0.736782076954842,0.8,7,7,6,0,23,21,14,1,0.166666666666667,0.6,1
0.408664620481432,0.1875,3,5,2,0,9,16,5,1,0.5,0.714285714285714,1
0.454788759350777,0.25,1,2,1,0.25,3,1,1,1,0.5,0.5,1
0.297210730612278,0.25,1,1,1,0.75,2,1,1,1,0,0,1
0.726057597569057,1,3,3,7,0,3,3,10,1,0,0.666666666666667,1
0.542166272799174,0.666666666666667,1,1,1,1,1,1,1,1,1,0,1
0.54262890778482,0.4,7,9,7,0.5,14,13,11,1,0.285714285714286,1,1
0.549733238185153,0.470588235294118,6,8,6,0.529411764705882,12,11,8,1,0.333333333333333,1,1
0.397301434051423,0.19047619047619,1,5,2,0.380952380952381,7,23,12,1,0.571428571428571,0.428571428571429,1
0.734020930528641,0.8,3,3,3,0.2,3,3,4,1,1,1,1
0.496808305382729,0.5,0,0,1,1,0,1,1,0,0,0,1
0.397546073794365,0.2,0,0,0,0.4,0,1,1,0,0,0,1
0.522502838210626,0.545454545454545,4,4,7,0.272727272727273,2,10,9,1,0.5,0.333333333333333,1
0.529597379267216,0.25,1,1,1,0,1,1,1,1,0,0.5,1
0.632536429911852,0.625,5,6,7,1,5,11,12,1,0.4,0.75,1
0.233011911312739,0,0,0,0,0,0,1,1,0,0,0,1
0.438767147915704,0.285714285714286,1,1,1,0.428571428571429,1,6,2,1,0.333333333333333,0.333333333333333,1
0.642550972600778,0.833333333333333,3,3,3,0.166666666666667,3,4,4,1,0.333333333333333,0.5,1
0.395794108510017,0,0,1,0,0.375,0,4,1,0,0.75,0.25,1
0.500296387407515,0.444444444444444,2,2,2,0.333333333333333,2,3,2,1,0.333333333333333,0.333333333333333,1
0.340076395869255,0.1,1,1,1,0.1,1,1,4,1,0.25,0.666666666666667,1
0.705717176198959,1,2,2,2,1,2,2,3,1,0,1,1
0.374644462764263,0.2,2,2,2,0,2,2,2,1,0.4,0.5,1
0.568233981728554,0.5,1,1,1,0,1,1,1,1,0,0,1
0.629262417554855,0.666666666666667,2,1,1,0.666666666666667,2,4,1,1,1,1,1
0.584121108055115,0.5,2,1,2,0.5,2,3,2,1,0,0,1
0.594904318451881,0.5,1,1,1,1,1,1,1,1,0,0,1
0.708949347337087,1,1,1,1,0.333333333333333,3,2,1,1,1,1,1
0.64216296672821,0.8,2,2,2,0,7,11,3,1,1,1,1
0.702433625857035,1,1,1,1,0,2,1,1,1,0,1,1
0.406424554257557,0.103448275862069,1,2,5,0,2,28,9,0,0.285714285714286,0,1
0.404707379639149,0,0,2,0,0.5,0,1,2,0,0,0,1
0.703173220157623,0.666666666666667,3,2,1,0,8,7,1,1,1,1,1
0.553311958909035,0.666666666666667,6,6,6,0.666666666666667,12,11,6,1,0,0.5,1
0.823964211073789,0.909090909090909,5,5,8,0.818181818181818,5,5,10,1,0.285714285714286,0.5,1
0.511032000184059,0.428571428571429,1,1,5,0.5,1,2,6,0,0.285714285714286,0.166666666666667,1
0.508153422312303,0.454545454545454,5,5,5,0,5,7,5,1,0.428571428571429,0.166666666666667,1
0.652664055426915,0.666666666666667,2,2,0,0,2,2,2,1,0,0.5,1
0.657027939955393,0.666666666666667,1,1,1,0,2,1,2,1,0,1,1
0.421341193219026,0.166666666666667,3,5,3,0,7,9,5,1,0,0.142857142857143,1
0.371017564088106,0.125,1,2,1,0,4,4,1,1,0,0,1
0.484638310968876,0.25,1,1,1,1,3,2,1,1,0.5,0.5,1
0.751657903194428,1,1,1,1,0,1,1,1,1,1,1,1
0.716954179108143,0.75,2,3,3,0,3,3,3,1,0.333333333333333,0.5,1
0.337974834773276,0.166666666666667,2,3,2,0,3,7,3,1,0.1,0.125,1
0.369938763789833,0.25,2,3,3,0.375,3,3,3,1,0.333333333333333,0.333333333333333,1
0.616247750818729,0.5,2,3,1,0,3,3,1,1,0.666666666666667,0.333333333333333,1
0.642856679856777,0.75,2,2,2,0.25,5,4,2,1,0.666666666666667,1,1
0.562207743525505,0.666666666666667,2,2,1,0.333333333333333,7,6,2,1,0.5,0.25,1
0.813821613788605,1,4,4,4,1,4,5,4,1,0.666666666666667,1,1
0.490387798845768,0.4,2,2,1,0,2,2,1,1,0.6,0.25,1
0.634034047524134,0.777777777777778,5,6,6,0,6,12,6,1,0.285714285714286,0.75,1
0.482069378549402,0.363636363636364,2,2,2,0,5,19,7,1,0.5,0.6,1
0.365856057032943,0.25,1,1,1,0,2,1,1,1,0,1,1
0.841934859752655,1,4,4,4,1,7,6,4,1,0.666666666666667,0.666666666666667,1
0.330096520483494,0.166666666666667,0,1,0,0.333333333333333,3,4,1,0,0,0,1
0.47712671260039,0.166666666666667,1,2,1,0,3,2,1,1,0.333333333333333,0.333333333333333,1
0.536343112587929,0.5,1,1,1,0.125,2,2,1,1,0.5,0.5,1
0.383747794561916,0.111111111111111,0,0,1,0,0,2,1,1,0.333333333333333,0.333333333333333,1
0.624671856562297,0.666666666666667,2,2,2,0,2,6,6,1,0.5,0.5,1
0.413495441277822,0,0,2,0,0.333333333333333,1,1,1,1,0.5,0,1
0.382212169468403,0.333333333333333,0,2,0,0.666666666666667,3,3,1,1,1,0.666666666666667,1
0.398091016130315,0.277777777777778,4,9,4,0.388888888888889,7,9,5,1,0.777777777777778,0.285714285714286,1
0.649304094059127,0.928571428571429,11,11,6,0,11,16,10,1,0.615384615384615,0.375,1
0.505947947502136,0.5,1,1,1,1,1,1,1,1,0,1,1
0.470764574594796,0.375,5,3,3,0.375,5,5,3,1,0,0,1
0.244852367043495,0,0,0,0,0,0,1,1,0,0,0,1
0.489811986684799,0.538461538461538,1,1,1,0.153846153846154,1,2,3,1,0.6,0.8,1
0.9350532690684,1,3,3,0,0,3,3,3,1,0,1,1
0.847521364688873,1,2,2,2,0,2,2,2,1,0,0,1
0.741385906934738,1,2,2,2,1,2,2,2,1,1,1,1
0.625046402215958,1,0,0,1,0,0,1,1,1,1,0,1
0.99196183681488,1,2,2,0,0,2,2,1,1,0,0,1
0.588120698928833,0.5,1,1,1,1,1,1,1,1,1,0,1
0.759316623210907,1,2,2,1,0,2,1,1,1,0,1,1
0.326033850510915,0.0555555555555555,0,0,2,0,0,6,6,0,0.166666666666667,0.5,1
0.371770523488522,0.166666666666667,2,4,2,0,4,9,6,1,0.285714285714286,0.4,1
0.461318671703339,0.272727272727273,2,3,2,0,8,13,4,1,0.428571428571429,0.4,1
0.615719427665075,0.333333333333333,1,2,0,0,4,3,1,1,1,1,1
0.449971017028604,0.285714285714286,4,4,9,0,4,8,12,1,0.142857142857143,0.5,1
0.619246974587441,0.5,2,2,2,0,2,3,3,1,0.5,1,1
0.342921912670135,0,0,0,0,0,0,1,2,0,0,0,1
0.27200161665678,0,0,1,0,0,1,1,1,0,0,0,1
0.333829671144485,0,0,0,0,0,0,1,2,0,0,0,1
0.388866551220417,0,0,0,0,0,0,1,2,0,0,0,1
0.778079370657603,1,2,2,3,0,2,2,3,1,0,0.5,1
0.425622632106145,0.333333333333333,1,1,1,0,3,2,1,1,0.5,0,1
0.757018446922302,1,4,4,2,0,4,4,3,1,1,1,1
0.332717162817716,0.06,2,7,3,0.34,4,43,20,1,0.0526315789473684,0.111111111111111,1
0.419547420408991,0.222222222222222,2,4,2,0.333333333333333,5,26,5,1,0.5,0,1
0.403642550110817,0.173913043478261,2,2,0,0.347826086956522,1,15,7,0,0.166666666666667,0.2,1
0.533709565798442,0.666666666666667,1,1,1,0.666666666666667,6,4,2,1,0.5,0,1
0.901931424935659,1,3,3,3,1,9,7,3,1,0,1,1
0.442811182141304,0.3,1,1,0,0,2,1,1,1,0.5,0.333333333333333,1
0.701589688658714,0.5,1,1,1,0,1,1,1,1,1,1,1
0.359511876106262,0.4,0,0,0,0.2,0,1,1,1,0,0,1
0.603735417127609,0.333333333333333,2,1,1,1,2,2,1,1,1,1,1
0.593320816755295,0.8,2,2,3,0,2,2,3,1,0.5,1,1
0.732984155416489,1,2,2,2,0.5,2,2,2,1,0,1,1
0.562572233378887,0.5,1,1,1,0,1,1,1,1,0,0,1
0.590656316280365,0.6,2,2,2,0.4,2,3,2,1,0,0.5,1
0.898544311523438,1,2,2,2,1,2,2,2,1,1,1,1
0.638653486967087,0.5,1,1,1,0.5,2,1,1,1,1,1,1
0.383096237977346,0.333333333333333,1,3,1,0,3,3,1,1,0,0,1
0.577232335294996,0.571428571428571,1,2,1,0,1,1,1,1,0.666666666666667,0,1
0.415940575301647,0.25,0,0,1,0,0,1,1,1,0.75,1,1
0.897550344467163,1,2,2,2,0,2,2,2,1,0,1,1
0.606501951813698,0.5,1,1,1,0,1,1,1,1,0,0,1
0.49146172149401,0.473684210526316,3,4,3,0.578947368421053,8,20,11,1,0.333333333333333,0.6,1
0.653887006640434,0.6,6,8,4,0.3,8,9,5,1,0.25,0.25,1
0.471615115801493,0.333333333333333,2,2,1,0.333333333333333,2,3,2,1,0.2,0.5,1
0.790016829967499,1,3,3,3,0,3,4,1,1,0.666666666666667,0.666666666666667,1
0.467869943007827,0.375,6,11,3,0.25,9,13,3,1,0.333333333333333,0.5,1
0.321000685755696,0.0857142857142857,2,7,3,0.171428571428571,13,57,7,1,0.214285714285714,0.363636363636364,1
0.517753121753534,0.333333333333333,15,15,15,0.422222222222222,45,56,28,1,0,0.705882352941176,1
0.518560729424159,0.333333333333333,5,5,5,0.6,17,19,8,1,0.142857142857143,0.4,1
0.940190672874451,1,4,4,4,0,8,7,4,1,0,1,1
0.363660268485546,0.2,1,2,1,0,2,2,3,1,0,0.25,1
0.534167867898941,0.4,2,2,1,0,2,2,1,1,0.333333333333333,1,1
0.538597318033377,0.583333333333333,1,1,1,0,3,5,2,1,0.4,0.5,1
0.500977378625136,0.615384615384615,0,0,0,0,0,7,1,0,0.714285714285714,0,1
0.589675153295199,0.5,2,3,2,0,5,6,2,1,0.75,0.666666666666667,1
0.849052414298058,1,4,4,4,0,8,7,4,1,0.5,0.5,1
0.453024074435234,0,0,0,0,0,0,1,1,0,1,0,1
0.752349197864533,1,3,3,0,0,3,3,6,1,1,1,1
0.568377828598022,0.6,1,2,2,0,4,6,3,1,0.5,0.5,1
0.567539885640144,0.333333333333333,2,2,2,0.333333333333333,4,4,4,1,0.5,0.5,1
0.587386395250048,0.428571428571429,3,3,3,0.428571428571429,3,3,3,1,0,0.666666666666667,1
0.423970022797584,0.2,0,1,1,0,1,1,6,0,0,0.5,1
0.555272390445073,0.333333333333333,1,1,1,0.666666666666667,1,1,1,1,1,1,1
0.549747616052628,0.666666666666667,1,1,1,0.333333333333333,1,1,1,1,1,1,1
0.679322689771652,1,1,1,1,0,1,1,1,1,0,0,1
0.71432892481486,1,3,3,1,0,1,3,1,1,0,1,1
0.532081494728724,0.333333333333333,2,2,2,0.166666666666667,4,6,4,1,0,0,1
0.463895472387473,0.333333333333333,1,1,1,0.166666666666667,1,1,1,1,0.5,0.5,1
0.412087341149648,0.333333333333333,0,0,0,0,0,1,1,0,0,1,1
0.384970764815807,0.1,1,1,1,0,1,4,2,1,0.5,0.25,1
0.893880516290665,1,4,4,4,0,8,7,4,1,0.666666666666667,1,1
0.886748045682907,1,4,4,4,0,8,7,4,1,1,1,1
0.663158059120178,1,4,4,5,0,4,4,5,1,0,1,1
0.436496311000415,0.357142857142857,4,4,2,0.285714285714286,2,12,2,1,0.444444444444444,0.333333333333333,1
0.447458078153431,0.25,4,4,1,0.0625,4,14,1,1,0.2,0.25,1
0.500287979841232,0.375,3,3,2,0.5,3,8,3,1,0.25,0.75,1
0.432540763701711,0.142857142857143,1,3,1,0.571428571428571,2,1,1,1,0.333333333333333,0,1
0.48161075040698,0.4,4,4,4,0.4,4,4,5,1,0.4,0.666666666666667,1
0.443583482503891,0.4,1,1,1,0.4,1,1,1,1,0.5,1,1
0.468443656961123,0.333333333333333,1,1,1,0.333333333333333,1,1,1,1,1,1,1
0.485930306570871,0.428571428571429,3,4,3,0.714285714285714,3,3,3,1,0.333333333333333,0.333333333333333,1
0.248640164732933,0,0,0,0,0.333333333333333,0,1,1,0,1,0,1
0.452921405434608,0.333333333333333,1,1,1,0.333333333333333,1,1,1,1,1,0,1
0.41322074918186,0.117647058823529,0,3,0,0.294117647058823,2,3,1,1,0.666666666666667,0.6,1
0.610943496227264,0.5,1,2,1,0.5,2,1,1,1,0,0,1
0.584487944841385,0.5,2,1,1,0,4,1,1,1,1,1,1
0.594163277319499,0.571428571428571,4,4,4,1,4,7,6,1,0.25,1,1
0.408370073884726,0.25,1,1,2,0.75,1,1,2,1,0.5,0.5,1
0.54283618927002,0.25,1,1,2,0.75,3,1,2,1,0.5,0.5,1
0.883622248967489,1,3,3,4,0,3,4,4,1,1,1,1
0.666872970759869,0.75,3,3,2,0.75,2,2,2,1,0.5,1,1
0.846589326858521,1,5,5,5,0,5,5,5,1,0.5,0.75,1
0.916794687509537,1,2,2,2,0,4,3,2,1,0,1,1
0.660734981298447,0.5,1,1,1,0,2,1,1,1,1,1,1
0.567625274260839,0.416666666666667,3,4,2,0.416666666666667,8,8,4,1,0.5,0.666666666666667,1
0.437728345394135,0.285714285714286,0,0,0,0.285714285714286,0,2,2,0,0,0.666666666666667,1
0.38260022799174,0.333333333333333,0,0,0,0.333333333333333,0,2,2,0,0,0.5,1
0.357460351039966,0.25,1,1,1,0.333333333333333,2,1,3,1,0.166666666666667,0,1
0.316571193211006,0.0606060606060606,2,3,1,0.363636363636364,3,19,13,1,0.5,0.166666666666667,1
0.391765632090114,0.19047619047619,3,4,5,0.238095238095238,4,20,11,1,0.333333333333333,0.428571428571429,1
0.64396333694458,0.5,1,1,1,0.5,1,1,1,1,1,1,1
0.478106334805489,0.333333333333333,1,1,1,0.666666666666667,1,2,1,1,1,1,1
0.646039041605863,0.818181818181818,7,7,6,0,11,10,16,1,0.375,0.4,1
0.672959841787815,0.5,2,2,2,1,2,3,3,1,0,1,1
0.514101096561977,0.428571428571429,2,3,3,0.714285714285714,3,3,3,1,0,0.333333333333333,1
0.4822806215712,0.428571428571429,2,3,3,0.714285714285714,3,3,3,1,0.25,0.333333333333333,1
0.490516645212968,0.333333333333333,2,2,2,0.333333333333333,2,2,2,1,0.333333333333333,1,1
0.493182505170504,0.333333333333333,2,2,2,0.333333333333333,2,2,2,1,0,1,1
0.466386031891619,0.357142857142857,5,5,4,0,5,10,7,1,0.6,1,1
0.350120909512043,0,0,0,0,0,0,1,1,0,0,0,1
0.620574603478114,0.666666666666667,1,1,2,0,1,1,2,1,0.5,0.5,1
0.442640860378742,0.2,1,1,1,0,6,19,9,1,0.285714285714286,0.6,1
0.571964512268702,0.333333333333333,1,1,2,0,1,1,2,1,0,0,1
0.937518358230591,1,3,3,3,0,3,3,3,1,0,1,1
0.756560161709785,1,0,0,7,0,0,7,7,1,0.571428571428571,0.4,1
0.617302072048187,0.6,4,4,3,0.3,7,13,4,1,0.75,0.666666666666667,1
0.537513570352034,0.636363636363636,2,2,2,0.454545454545454,2,3,3,1,0.4,0.2,1
0.517024333278338,0.333333333333333,2,3,2,0.333333333333333,5,6,2,1,0.333333333333333,1,1
0.796852389971415,1,4,4,5,1,4,4,6,1,0.6,0.5,1
0.663648128509522,0.5,1,1,1,0,3,1,1,1,0,1,1
0.721736446022987,0.5,1,1,1,0,2,1,1,1,1,1,1
0.899760949611664,1,5,5,5,0,5,5,5,1,0,0.75,1
0.852234518527985,1,10,10,10,1,21,20,10,1,0,1,1
0.419052218397458,0.166666666666667,1,1,1,0.166666666666667,1,5,2,1,0,0,1
0.576760217547417,0.75,0,0,0,0,0,2,1,0,0.5,0.5,1
0.74353563785553,1,1,1,1,1,1,1,1,1,1,1,1
0.600400611758232,0.666666666666667,2,2,2,1,2,5,7,1,0.25,0.666666666666667,1
0.967701524496078,1,2,2,2,1,2,2,2,1,0,1,1
0.544109324614207,1,0,0,0,0,0,1,1,0,0,0,1
0.351779681940873,0.25,2,2,1,0.5,2,6,5,1,0.25,0,1
0.807414382696152,1,3,2,2,0,3,5,2,1,1,1,1
0.376880404208937,0.193548387096774,3,3,3,0.064516129032258,3,28,10,1,0.666666666666667,0.454545454545454,1
0.425473801114342,0.181818181818182,1,1,1,0,3,3,6,1,0.25,0,1
0.559907466173172,0.5,1,1,1,0,1,1,1,1,0,1,1
0.757699921727181,1,4,4,4,0,4,4,4,1,0,1,1
0.233294621109962,0,0,0,0,0,0,1,1,0,0,0,1
0.513328797287411,0.444444444444444,0,1,2,0.444444444444444,1,2,3,1,0.333333333333333,0.333333333333333,1
0.735330200195312,1,5,5,6,0,5,6,6,1,0,1,1
0.35673921306928,0,0,3,0,0,4,16,6,0,0,0,1
0.561097020904223,0.666666666666667,1,1,1,0.166666666666667,1,2,2,1,0,0,1
0.791728883981705,1,1,1,1,1,2,1,1,1,1,1,1
0.92964643239975,1,2,2,2,0,4,3,2,1,0,0,1
0.424756959384802,0.26530612244898,2,14,3,0.224489795918367,39,61,14,1,0.736842105263158,0.533333333333333,1
0.507695028185844,0.4,1,1,1,0,5,2,1,1,0.5,0,1
0.668667278119496,0.714285714285714,4,4,4,1,5,5,6,1,0.6,0.75,1
0.719431261221568,1,2,2,2,0,4,3,2,1,0.5,0.5,1
0.60233233656202,0.857142857142857,1,1,1,0.285714285714286,2,4,2,1,0,0,1
0.476436232527097,0.333333333333333,2,4,2,0.5,2,15,25,1,0.2,0,1
0.468507468700409,0.333333333333333,1,1,0,0,1,3,2,0,0.333333333333333,0,1
0.550330132246017,0.5,1,1,1,1,1,1,1,1,1,1,1
0.31409233994782,0.25,1,1,1,0.25,1,1,1,1,0,1,1
0.797145505746206,1,2,2,2,0.666666666666667,4,3,2,1,1,1,1
0.825731617212295,0.8,3,3,3,0.6,7,7,3,1,0.666666666666667,1,1
0.483326703310013,0.333333333333333,1,2,1,0,2,1,1,1,1,1,1
0.862711250782013,1,1,1,1,0.333333333333333,4,3,2,1,1,1,1
0.568052668656622,0.714285714285714,6,7,4,0.357142857142857,7,17,6,1,0.166666666666667,0.166666666666667,1
0.567984176675479,0.8,5,7,8,0.0666666666666667,7,8,12,1,0.428571428571429,1,1
0.643874704837799,0.5,1,1,2,1,1,1,2,1,1,1,1
0.510108590126038,0.333333333333333,1,2,2,0,3,4,2,1,0.5,0.5,1
0.881441493829091,1,3,3,3,1,6,5,3,1,0,0.5,1
0.574965798854828,0.4,2,2,2,0.2,2,2,2,1,0.5,1,1
0.586795995632807,0.666666666666667,1,2,1,0.333333333333333,2,2,1,1,1,1,1
0.402599658817053,0.25,1,1,1,0,1,2,1,1,0.5,0.5,1
0.594688236713409,1,2,2,0,0,2,2,1,1,1,0,1
0.453893095254898,0.3,1,1,2,0.5,1,2,3,1,0.25,0,1
0.773223251104355,1,2,2,2,1,4,3,2,1,0,1,1
0.513437673449516,0.333333333333333,1,1,2,0.333333333333333,1,1,3,1,0.333333333333333,1,1
0.855326354503632,1,2,2,2,0,2,3,2,1,0,1,1
0.700578582286835,0.8,3,3,3,0,3,6,3,1,0.5,0.75,1
0.591353058815002,0.5,1,1,1,0,1,1,1,1,0,1,1
0.811873912811279,0.75,3,3,3,0.75,3,3,3,1,1,1,1
0.309738668501377,0.04,1,1,1,0.48,1,4,3,1,0.181818181818182,0,1
0.367204603153406,0.0927835051546392,3,5,3,0.319587628865979,7,76,17,1,0.529411764705882,0.0294117647058823,1
0.202289670705795,0,0,1,0,0,2,2,1,0,0,0,1
0.790734767913818,1,2,2,1,0,3,2,1,1,0,1,1
0.635526910424233,0.666666666666667,3,4,3,0.833333333333333,12,13,7,1,1,1,1
0.733959227800369,0.666666666666667,4,4,5,0.555555555555556,9,8,5,1,0.25,0.25,1
0.825513501962026,1,3,3,3,1,3,3,3,1,1,0.5,1
0.439731867611408,0.4,1,1,1,0.2,2,1,1,1,0,0.5,1
0.625306864579519,1,1,1,1,0,3,3,1,1,1,1,1
0.650269210338593,1,2,2,3,0.5,2,2,3,1,0.666666666666667,0,1
0.6055993065238,0.5,3,2,2,0,5,4,2,1,0.5,0.5,1
0.521482562025388,0.5,2,2,1,0,2,1,1,1,0.5,0.5,1
0.56739573015107,0.666666666666667,6,7,2,0.222222222222222,7,7,2,1,0.2,0.5,1
0.77916889389356,0.666666666666667,2,2,2,0,2,2,1,0,0.5,0,1
0.375453969757808,0.105263157894737,1,3,3,0.421052631578947,3,7,13,1,0,0,1
0.415491037070751,0.333333333333333,2,2,0,0.333333333333333,2,2,1,0,0,0,1
0.333906669635326,0.125,0,0,0,0.625,0,2,3,0,0,0.666666666666667,1
0.545389134436846,0.375,3,3,3,0.5,3,3,3,1,0.75,0.5,1
0.754751369357109,1,3,3,3,0,3,3,3,1,0,1,1
0.397061999473307,0.166666666666667,2,3,2,0.111111111111111,3,11,9,1,0,0.2,1
0.789144605398178,1,1,1,2,1,3,2,2,1,0,0,1
0.404694728553295,0.166666666666667,1,1,0,0,1,1,1,1,0.25,0.25,1
0.705096274614334,1,1,1,1,1,1,1,1,1,1,1,1
0.952991116046906,1,5,5,5,0,5,5,5,1,0.333333333333333,0,1
0.852741122245789,1,3,3,2,0,3,3,2,1,0,0,1
0.868856251239777,1,2,2,2,1,4,3,2,1,0,1,1
0.615937457978725,0.6,3,4,3,0.6,3,4,3,1,0.333333333333333,0.666666666666667,1
0.70038577914238,1,1,1,1,0.5,1,1,1,1,1,1,1
0.898709207773209,1,2,2,2,1,4,3,3,1,0,1,1
0.585815777381261,0.333333333333333,1,1,1,0.333333333333333,2,1,1,1,0,0,1
0.437285573886973,0.285714285714286,2,3,1,0.0714285714285714,3,8,6,1,0.166666666666667,0.111111111111111,1
0.246778070926666,0,0,0,0,0,0,1,1,0,0,0,1
0.330147340893745,0.142857142857143,1,1,1,0,1,1,1,1,0,0,1
0.249967273324728,0,0,0,0,0,0,2,1,0,0.5,0.5,1
0.693522736430168,0.5,1,1,0,1,1,1,1,1,0,0,1
0.356089259088039,0.2,5,6,4,0.24,6,11,4,1,0.1,0.166666666666667,1
0.911127239465714,1,2,2,2,0,2,2,2,1,0,1,1
0.493551298975945,0.375,2,2,1,0.25,2,5,1,1,1,0,1
0.581960449616114,0.666666666666667,1,1,1,0,2,1,1,1,0,1,1
0.811580039560795,0.9,9,10,9,0,10,10,9,1,0.428571428571429,0.75,1
0.962021367890494,1,8,7,7,1,8,8,7,1,0,1,1
0.256201006472111,0,0,0,0,0,0,2,2,0,1,0,1
0.757320016622543,1,4,4,2,0.5,4,4,2,1,0.333333333333333,1,1
0.6803327947855,0.5,1,2,2,1,2,5,2,1,1,1,1
0.364149440079927,0.25,1,2,0,0.75,2,2,1,0,0.5,1,1
0.419729119539261,0.2,1,1,1,0.4,2,2,1,1,0.333333333333333,0,1
0.903170347213745,1,5,5,5,0,5,5,5,1,0.25,0.333333333333333,1
0.581014901399612,0.5,1,1,1,0,1,1,1,1,0,0,1
0.357229689757029,0.333333333333333,2,2,0,0,0,2,2,0,1,1,1
0.696566309247698,0.714285714285714,2,2,2,0.714285714285714,6,5,5,1,0.25,1,1
0.571456263462702,0.333333333333333,1,1,1,0,1,1,1,1,1,0,1
0.542012294133504,0.666666666666667,1,1,1,0.666666666666667,1,1,1,1,1,1,1
0.815248101949692,1,2,2,2,0,2,2,2,1,0,0,1
0.259329880277316,0,0,1,0,0.333333333333333,1,4,5,1,1,1,1
0.393850644429525,0.166666666666667,1,1,7,0.666666666666667,1,2,12,1,0.5,0.5,1
0.235682842632135,0,0,0,0,0.166666666666667,0,1,1,0,0,0,1
0.271085143089294,0,0,1,0,0,2,2,1,0,0,0,1
0.53199244538943,0.5,2,2,1,0.333333333333333,1,3,1,1,0.5,0.666666666666667,1
0.418884777597019,0.285714285714286,3,2,1,0.342857142857143,7,29,9,0,0.5,0.111111111111111,1
0.784773647785187,1,1,1,1,0,1,1,1,1,0.5,0,1
0.449067518115044,0.3125,3,4,1,0.5625,6,13,8,1,0.142857142857143,0.25,1
0.416037436574698,0.25,3,4,1,0.125,7,8,3,1,0.5,0.25,1
0.390732236703237,0.0666666666666666,0,6,1,0.133333333333333,14,14,17,1,0.375,0,1
0.499791859011901,0.368421052631579,2,2,5,0,2,18,12,1,0,0,1
0.196625664830208,0,0,0,0,0,0,1,1,0,0,0,1
0.671858176589012,0.5,1,1,1,0.5,1,1,1,1,0,0,1
0.501887378532712,0.560975609756098,6,5,1,0.292682926829268,37,47,18,1,0.466666666666667,0.0833333333333333,1
0.866020882129669,1,4,4,5,0,4,4,5,1,0,1,1
0.372211110778153,0,0,0,0,0.4375,0,7,4,1,0.5,0,1
0.196637178460757,0,0,0,0,0,0,6,2,0,0.333333333333333,0.5,1
0.499410400787989,0.333333333333333,1,1,1,0,1,3,1,1,0,0,1
0.915262669324875,1,2,2,2,0,2,2,1,1,1,1,1
0.855016986529032,1,2,2,2,0.666666666666667,4,3,2,1,0,0.5,1
0.50993304948012,0.666666666666667,1,1,0,0,0,1,1,0,1,1,1
0.870896875858307,1,2,2,2,0,4,3,2,1,0,1,1
0.605958953499794,0.5,3,3,3,0,9,11,4,1,0.6,0.2,1
0.483379557728767,0.333333333333333,1,1,1,0,3,1,1,1,0,0,1
0.611570941550391,0.857142857142857,2,2,6,0,13,11,6,1,0.6,0.75,1
0.737975933722087,0.714285714285714,5,5,2,0,12,11,4,1,0,1,1
0.425260901451111,0,0,0,0,1,0,2,1,0,1,0,1
0.575444355607033,0.642857142857143,6,6,1,0.714285714285714,6,15,7,1,0.166666666666667,0.8,1
0.919411033391952,1,2,2,2,1,4,3,2,1,1,1,1
0.37633320937554,0.333333333333333,1,1,1,0.333333333333333,1,3,1,1,0,0,1
0.312751630151814,0.0909090909090909,1,3,1,0.363636363636364,3,6,4,1,0.5,0.5,1
0.720805287361145,1,1,1,1,0.5,1,1,1,1,1,0,1
0.803030639886856,1,3,3,3,0.75,3,3,3,1,1,1,1
0.375283101201057,0.2,1,1,1,0,1,1,1,1,0,0,1
0.519895891348521,0.666666666666667,0,0,0,0,0,1,1,1,0.5,0,1
0.706669896841049,1,2,2,1,0,3,2,1,1,1,0,1
0.748996138572693,1,3,3,2,0,4,3,2,1,1,0.5,1
0.565266271432241,1,1,1,1,0.333333333333333,1,1,1,1,0,0,1
0.507836014032364,0.428571428571429,3,3,4,0.571428571428571,3,3,4,1,0,0.25,1
0.529666215181351,0.285714285714286,2,2,2,0,2,3,2,1,0.4,0.4,1
0.215792387723923,0,0,0,0,0,0,1,1,0,0,0,1
0.865812718868256,1,2,2,2,0,2,2,2,1,0,1,1
0.646833479404449,0.5,2,2,1,0.5,3,3,1,1,0,0,1
0.625656108061473,0.666666666666667,2,2,2,0,2,2,2,1,0,0.5,1
0.939597427845001,1,4,4,4,0,4,5,4,1,0,0.666666666666667,1
0.780894875526428,1,3,2,1,0,3,3,2,1,0,0,1
0.901066402594248,1,3,3,2,0,3,3,2,1,0,1,1
0.568530667286653,0.538461538461538,4,5,3,0.461538461538462,5,8,4,1,0.333333333333333,0.666666666666667,1
0.631406335367097,0.555555555555556,5,5,4,0,9,8,4,1,0.571428571428571,0.5,1
0.507030248641968,0.5,3,3,3,0,3,4,3,1,0.25,0.5,1
0.905151516199112,1,2,2,2,1,2,2,2,1,1,1,1
0.502068463712931,0.5,1,1,1,0,2,1,1,1,0,0,1
0.882162022590637,1,5,5,5,1,10,9,5,1,0,1,1
0.583527644475301,0.5,2,2,2,0.333333333333333,2,2,2,1,0.666666666666667,0.666666666666667,1
0.658874673502786,0.857142857142857,2,2,2,0.285714285714286,2,3,13,1,0.333333333333333,0.666666666666667,1
0.910537878672282,1,3,3,3,0,3,3,3,1,0.5,1,1
0.299012914299965,0,0,0,0,0,0,1,1,0,1,0,1
0.793632683428851,0.909090909090909,7,7,5,0,7,7,5,1,0.4,0.571428571428571,1
0.471680214007696,0.666666666666667,3,2,0,0,3,3,1,0,0,0,1
0.318253266811371,0.2,1,1,1,0,1,1,1,1,0,0,1
0.843449038267135,0.8,4,5,4,0,9,8,4,1,0,0.333333333333333,1
0.477262434032228,0.333333333333333,3,3,3,0.111111111111111,3,3,3,1,0.6,0.5,1
0.702455739180247,0.5,3,3,3,0,8,7,4,1,0.666666666666667,1,1
0.945718050003052,1,3,3,3,0,6,5,3,1,0,0,1
0.86783774693807,1,2,2,3,0.333333333333333,10,9,3,1,0.25,1,1
0.850404471158981,1,4,4,9,1,4,5,9,1,1,0.5,1
0.875579863786697,1,1,1,2,0,1,1,2,1,1,0,1
0.545947092274825,0.75,0,0,0,0.25,0,4,3,1,0.75,0,1
0.411972648287947,0.27027027027027,4,4,1,0.27027027027027,10,17,8,1,0.428571428571429,0,1
0.652431949973106,0.5,1,1,1,0,1,1,1,1,0,1,1
0.354555942118168,0.153846153846154,2,3,2,0.307692307692308,3,4,3,1,0.125,0,1
0.670973241329193,0.846153846153846,6,6,0,0,6,6,1,1,0.8,1,1
0.478991240262985,0,0,0,0,0,0,1,1,0,0,0,1
0.416714956363042,0.166666666666667,1,1,0,0.166666666666667,1,2,1,1,0.333333333333333,0.666666666666667,1
0.840468138456345,1,1,1,0,0,1,1,1,1,1,1,1
0.61661559343338,0.666666666666667,1,1,0,0.666666666666667,1,1,2,1,0,1,1
0.53935182094574,1,2,1,0,0,2,2,1,0,0,0,1
0.637896503011386,0.666666666666667,2,2,0,0,2,3,2,1,0,0.75,1
0.295649707317352,0,0,0,0,0,0,1,1,1,1,1,1
0.854218780994415,1,1,1,1,1,1,1,1,1,1,1,1
0.940679907798767,1,1,1,0,0,1,1,1,1,0,1,1
0.401897877454758,0,0,0,0,1,0,1,1,0,0,0,1
0.711989045143127,1,7,6,3,0,5,7,3,1,0.666666666666667,1,1
0.613906015952428,0.333333333333333,1,1,1,0.333333333333333,1,1,1,1,1,0,1
0.852192923426628,1,4,4,4,1,4,4,4,1,0.5,1,1
0.987055778503418,1,1,1,1,0,1,1,1,1,1,1,1
0.850412577390671,1,2,2,2,1,2,2,2,1,0.5,1,1
0.693353027105331,1,1,1,0,0.5,1,1,1,1,0,1,1
0.693067789077759,1,1,1,1,0.666666666666667,2,1,1,1,1,1,1
0.968304872512817,1,1,1,1,1,1,1,1,1,0,1,1
0.912669062614441,1,1,1,1,1,1,1,1,1,1,1,1
0.965089559555054,1,1,1,1,1,1,1,1,1,1,1,1
0.598316669464111,1,0,0,0,0,0,1,1,0,1,1,1
0.618262976408005,0.5,1,1,1,1,1,1,1,1,0,0.5,1
0.840260744094849,1,1,1,1,1,1,1,1,1,0,1,1
0.715257805585861,0.8,3,3,2,0.6,3,3,2,1,0.333333333333333,0.666666666666667,1
0.49821600317955,0,0,0,1,1,0,1,1,0,1,1,1
0.600603795713849,0.666666666666667,5,5,1,0.222222222222222,5,5,1,1,0.5,0.833333333333333,1
0.571400198671553,0.555555555555556,1,1,1,0.222222222222222,1,4,1,1,0.4,0.8,1
0.842801928520203,1,1,1,1,0,3,2,1,1,1,1,1
0.591878367321832,0.714285714285714,4,4,0,0.428571428571429,4,5,3,1,0,0.5,1
0.687730476260185,0.5,1,1,0,0.5,1,1,1,1,0,1,1
0.608033140500387,0.666666666666667,1,1,0,0,1,1,1,1,1,1,1
0.500321209430695,1,0,0,0,0,0,1,1,1,0,0,1
0.560855269432068,0.666666666666667,1,1,1,0.333333333333333,1,2,2,1,1,1,1
0.711891889572144,1,1,1,1,0,1,1,1,1,1,1,1
0.94261109828949,1,1,1,1,1,1,1,1,1,0,1,1
0.665400053064028,0.833333333333333,2,2,2,0.166666666666667,2,2,2,1,0.5,0.666666666666667,1
0.745546638965607,1,1,1,0,1,1,1,1,1,0,1,1
0.609623440674373,1,0,0,3,0,0,1,3,1,0.25,0.75,1
0.90813797712326,1,1,1,1,1,1,1,1,1,1,1,1
0.965566575527191,1,1,1,1,1,1,1,1,1,1,1,1
0.696919322013855,0.5,1,1,1,0,1,1,1,1,0,1,1
0.460017782449722,0.4,0,0,0,0.6,0,1,2,1,0.5,0.5,1
0.525497625271479,0.333333333333333,1,1,3,0,1,1,3,1,0.5,1,1
0.675821244716644,1,1,1,1,1,2,1,1,1,1,1,1
0.540846264362335,0.6,3,3,3,0,3,3,3,1,0.4,0.75,1
0.907568573951721,1,1,1,0,0,1,1,1,1,0,1,1
0.885417362054189,1,3,3,3,1,3,3,3,1,0,1,1
0.800128221511841,1,1,1,1,0,1,1,1,1,0,1,1
0.723388671875,1,2,2,0,0,2,2,2,1,1,1,1
0.459437787532806,0,0,0,0,0,0,1,1,0,0,0,1
0.722702711820602,1,2,2,2,1,2,4,3,1,0,1,1
0.800133168697357,1,2,2,1,0,2,2,1,1,0,1,1
0.506950229406357,0.5,1,1,0,0,1,1,1,1,1,1,1
0.60192033317354,0.555555555555556,5,5,5,0.777777777777778,5,5,6,1,0.2,0.8,1
0.9411341547966,1,1,1,0,0,1,1,1,1,1,1,1
0.94845587015152,1,1,1,0,0,1,1,1,1,0,1,1
0.578106284141541,0.5,1,1,1,0,1,1,2,1,0,0.5,1
0.484129458665848,0,0,0,0,1,0,1,1,0,1,0,1
0.452255765597026,0.333333333333333,1,1,0,0,1,1,1,1,1,1,1
0.724051654338837,1,2,2,2,1,2,2,2,1,0,1,1
0.494044452905655,0.5,0,0,0,0,0,1,1,1,1,1,1
0.627266123890877,0.75,1,1,1,0.5,3,2,2,1,0.333333333333333,0.6,1
0.749409735202789,1,2,2,2,1,2,2,2,1,0,1,1
0.952988386154175,1,1,1,1,1,1,1,1,1,1,1,1
0.6326664686203,0.5,1,1,1,1,1,1,1,1,1,1,1
0.638327226042748,0.5,1,1,0,0,1,1,1,1,0,1,1
0.769309452601841,1,5,5,0,1,5,6,6,1,0,0.75,1
0.514676451683044,1,0,0,0,0,0,1,1,0,1,1,1
0.731305688619614,0.666666666666667,2,2,0,0,2,2,1,1,0,1,1
0.553213857114315,0.5,2,2,0,0.25,2,3,2,1,0.5,1,1
0.503612742275,0.48,10,10,6,0.28,10,10,6,1,0.214285714285714,0.357142857142857,1
0.940729856491089,1,1,1,0,0,1,1,1,1,0,1,1
0.693280726671219,1,1,1,1,0.25,1,1,1,1,0.5,0.5,1
0.885550677776337,1,1,1,1,1,2,1,1,1,0,1,1
0.912764132022858,1,1,1,1,1,1,1,1,1,1,1,1
0.700780004262924,1,1,1,0,0.5,1,1,1,1,1,1,1
0.306127175688744,0,0,0,0,1,0,1,2,1,0,0,1
0.675002098083496,0.666666666666667,2,3,6,1,6,5,6,1,0.333333333333333,1,1
0.419586181640625,0,0,0,0,1,0,1,1,0,0,1,1
0.623331680893898,0.5,1,1,1,0,1,1,1,1,1,1,1
0.865345478057861,1,0,0,1,1,0,1,1,1,0,1,1
0.85468316078186,1,1,1,1,0,1,1,1,1,0,1,1
0.857872853676478,1,5,5,6,1,5,5,6,1,0,1,1
0.792466193437576,1,2,2,0,0,2,2,1,1,0,1,1
0.783180753389994,1,2,2,2,0.666666666666667,2,2,2,1,0.5,1,1
0.600580044090748,0.5,1,1,1,0,1,2,1,1,0.333333333333333,0.666666666666667,1
0.498693645000458,0.666666666666667,0,0,0,1,0,1,1,1,0,0,1
0.725290265348222,1,6,6,5,0.555555555555556,6,6,5,1,0,0.666666666666667,1
0.469412890347567,0.363636363636364,3,3,0,0,2,6,4,1,0.375,0.857142857142857,1
0.720146059989929,1,1,1,1,0,1,1,1,1,0,1,1
0.854356229305267,1,1,1,1,0,1,1,1,1,1,1,1
0.846347868442535,1,1,1,0,1,2,1,1,1,1,0,1
0.891194045543671,1,1,1,1,0,2,1,1,1,0,1,1
0.979699909687042,1,2,2,2,1,2,2,2,1,0,1,1
0.743733982245127,1,3,3,0,0.333333333333333,3,3,1,1,0,1,1
0.806677460670471,0.666666666666667,4,4,4,0.666666666666667,4,4,4,1,0,1,1
0.204726149461099,0.142857142857143,1,1,1,0.857142857142857,1,1,5,1,0.25,0.333333333333333,1
0.495943300426006,0.5,1,1,1,0,2,1,1,1,1,1,1
0.552843540906906,0.5,1,1,1,0,2,2,1,1,0,1,1
0.829428207874298,1,5,5,5,1,10,10,5,1,0,1,1
0.49512988458509,0.347826086956522,6,7,4,0.173913043478261,10,28,5,1,0.545454545454545,0.444444444444444,1
0.578915452957153,0.6,1,1,1,0.6,1,1,1,1,1,0.5,1
0.424324398860335,0.25,1,1,1,0.25,2,1,1,1,1,0,1
0.586142301559448,0.7,3,4,3,0.3,14,13,4,1,0.4,1,1
0.531587606668472,0.6,2,2,2,0.8,0,2,3,0,0,0,1
0.502163750429948,0.583333333333333,1,1,1,0.25,1,3,1,1,0.142857142857143,0.8,1
0.792444318532944,1,6,6,5,0.166666666666667,6,6,5,1,0,0.4,1
0.485748985409737,0.4,1,1,2,0.2,1,1,2,1,1,0.5,1
0.35251073508213,0.333333333333333,2,7,2,0.111111111111111,9,23,2,1,0.375,0.5,1
0.403486948264273,0.105263157894737,1,2,1,0,2,12,1,1,0,0.166666666666667,1
0.434910174459219,0.2,4,4,4,0.8,4,5,13,1,0.625,0.125,1
0.445673266115288,0.666666666666667,2,2,2,0.166666666666667,9,10,2,1,0.714285714285714,0.25,1
0.45242413195471,0.583333333333333,1,1,1,0.166666666666667,8,9,1,1,0.625,0.2,1
0.814708650112152,1,3,3,3,0,6,5,3,1,0.5,1,1
0.531323039531708,0.6,1,1,1,0,1,3,1,1,0.333333333333333,0.333333333333333,1
0.533139079809189,0.333333333333333,1,1,1,0,2,1,1,1,0,1,1
0.638136968016624,0.5,1,1,1,0,1,1,1,1,0,0,1
0.2767318431288,0,0,1,0,0,4,11,5,0,0,0,1
0.403249200433493,0.125,1,1,1,0.25,1,2,1,1,0.333333333333333,0.333333333333333,1
0.414831789582968,0.2,1,3,1,0,1,23,1,1,0.333333333333333,0.166666666666667,1
0.465932801365852,0.263157894736842,3,4,5,0.263157894736842,4,9,12,1,0.222222222222222,0.166666666666667,1
0.383445209035507,0.153846153846154,1,2,0,0.192307692307692,2,4,2,1,0.25,0.1,1
0.744303606450558,0.75,3,3,3,0,6,5,4,1,0.666666666666667,1,1
0.508615955710411,0.5,0,0,0,0,0,1,1,1,1,0,1
0.469644106924534,0.416666666666667,1,2,0,0,2,4,1,1,0.5,0.25,1
0.604691033562024,0.5,3,3,3,0,3,3,3,1,0,0.5,1
0.327962209781011,0,0,0,0,0,0,1,1,1,1,0,1
0.458355198303858,0.333333333333333,1,1,1,0.333333333333333,2,1,1,1,1,1,1
0.578855097293854,1,2,2,2,0,2,2,2,1,0.75,0.333333333333333,1
0.775571783383687,1,2,2,3,0,2,3,1,1,1,1,1
0.566429562866688,0.75,2,2,1,0.5,3,2,1,1,0.5,1,1
0.632499480886119,0.5,6,6,7,0,12,24,18,1,0.428571428571429,0.857142857142857,1
0.386281465490659,0.166666666666667,0,0,0,0.333333333333333,0,1,1,1,0.5,0,1
0.254888508882787,0,0,1,1,0.777777777777778,1,10,9,0,0.5,0.125,1
0.472377419471741,0.5,0,0,0,1,1,1,1,1,0,0,1
0.393028174127851,0.142857142857143,1,1,1,0,2,3,1,1,0,0,1
0.482579868286848,0.5,1,1,1,0,1,1,1,1,0,0,1
0.501466145118078,0.333333333333333,1,1,1,0,1,1,1,1,1,1,1
0.472604852169752,0.25,1,1,0,0,1,1,1,1,0,0.5,1
0.693494558334351,0.666666666666667,1,1,3,1,1,2,3,1,1,1,1
0.619933355599642,0.75,6,6,1,0.625,5,6,5,1,0,0.333333333333333,1
0.650382647911708,0.5,3,3,3,0,3,3,5,1,1,1,1
0.319792281650007,0.3,1,1,0,0.1,1,11,5,1,0.6,0.6,1
0.333444088231772,0.125,1,1,1,0.25,1,1,1,1,0,0.25,1
0.709441473086675,0.666666666666667,2,2,2,1,2,2,2,1,0,0,1
0.719834387302399,1,1,1,1,0.5,1,1,1,1,0,1,1
0.526588916778564,0.5,1,1,0,0,1,2,1,1,1,0,1
0.674402892589569,0.5,1,1,1,0,2,1,1,1,1,1,1
0.435993072059419,0.222222222222222,1,2,1,0.111111111111111,3,2,1,1,0.5,0.5,1
0.94539538025856,1,2,2,2,1,4,3,2,1,0,0,1
0.492349229753017,0.5,1,1,1,0,1,1,6,1,0.5,0.5,1
0.402211497453126,0.181818181818182,1,4,0,0,4,29,9,0,0.333333333333333,0,1
0.440793606011491,0.263157894736842,0,0,0,0,2,3,5,1,0.125,0.142857142857143,1
0.79338409503301,1,1,1,1,0,1,1,1,1,1,1,1
0.488902535289526,0.375,2,2,2,0,2,5,5,1,0.2,0.5,1
0.955453892548879,1,4,3,3,0,4,4,1,1,0.5,1,1
0.470790565013886,0.4,1,1,1,0.4,2,1,1,1,0.5,0,1
0.44518535087506,0.25,0,0,2,0,0,1,2,1,0.428571428571429,0,1
0.641442065055554,0.769230769230769,4,5,10,0.769230769230769,5,7,10,1,0.6,0.666666666666667,1
0.639077479640643,0.583333333333333,4,4,8,0.5,4,5,10,1,0,0.6,1
0.410460794344544,0.125,1,3,1,0.125,5,6,1,1,0.666666666666667,0.5,1
0.703380922476451,0.666666666666667,2,1,3,1,2,2,5,1,1,1,1
0.416455352471934,0.333333333333333,0,1,0,0.277777777777778,4,32,1,0,0.125,0,1
0.550118517130613,0.75,1,1,2,0,1,1,2,1,0,0,1
0.900761425495148,1,2,2,2,0,3,2,2,1,1,0,1
0.62635197242101,0.666666666666667,2,2,1,0,9,4,1,1,1,1,1
0.513295439573435,0.692307692307692,1,1,0,0.153846153846154,1,4,1,1,0,0,1
0.743222198703072,0.909090909090909,12,9,9,0.818181818181818,12,12,13,1,0.111111111111111,0.857142857142857,1
0.682226605713367,1,3,3,5,0.75,3,3,7,1,0.333333333333333,0.5,1
0.380756199359894,0,0,0,0,0.5,0,1,1,0,1,0,1
0.482129245996475,0.333333333333333,1,1,1,0,1,1,1,1,0,0,1
0.935884475708008,1,2,2,2,1,2,2,2,1,0,1,1
0.574950985610485,0.5,1,1,1,0,1,1,1,1,1,1,1
0.549993366003037,0.333333333333333,1,3,1,0.333333333333333,2,1,1,1,0,0,1
0.508450032936202,0.555555555555556,1,1,1,0.222222222222222,1,3,1,1,0.333333333333333,0.333333333333333,1
0.446567311882973,0.5,0,0,0,0,0,2,2,0,0,0,1
