avg,rel_count,qnt_count_tenprcnt,no_of_sentence_have_quant,temporal_sim_qs,trust_temporal,count_presence,count_agree,temporal_agree,llm_dec,titles,trust,label
0.6837351268,1,6,6,6,0.5454545455,10,10,6,1,0.5714285714,0.5,1
0.6837351268,1,6,6,6,0.5454545455,10,10,6,1,0.5714285714,0.5,1
0.5725089088,0.5,1,1,1,0.5,1,1,1,1,1,1,1
0.8846288919,1,2,2,1,0.5,3,2,1,1,1,1,1
0.5915801302,0.6666666667,2,2,2,0,2,2,2,1,0,0,1
0.8465909163,1,3,3,3,1,3,3,3,1,0,1,1
0.5797936039,0.5,9,9,8,0.4444444444,18,19,9,1,0,0.6,1
0.64545542,1,2,2,0,1,2,5,8,1,0,0,1
0.64545542,1,2,2,0,1,2,5,8,1,0,0,1
0.9211064279,1,2,2,2,0,4,3,2,1,0,1,1
0.7490313351,1,2,2,2,1,2,2,2,1,1,1,1
0.8038681746,1,2,2,2,0,4,3,2,1,1,1,1
0.6128589312,0.7333333333,7,7,3,0.2666666667,3,12,5,1,0.3333333333,0.5,1
0.5760694047,0.3333333333,1,1,2,0.6666666667,1,1,2,1,0.5,0.5,1
0.2379803782,0,0,1,0,1,1,1,1,0,1,1,1
0.2379803782,0,0,1,0,1,1,1,1,0,1,1,1
0.7028140383,0.8571428571,6,6,4,0.2857142857,6,9,5,1,0.75,1,1
0.7028140383,0.8571428571,6,6,4,0.2857142857,6,9,5,1,0.75,1,1
0.635063933,0.6666666667,2,2,2,0.2222222222,6,8,4,1,0.5,0.6,1
0.635063933,0.6666666667,2,2,2,0.2222222222,6,8,4,1,0.5,0.6,1
0.6182121634,1,3,3,3,1,3,3,3,1,0,1,1
0.6565053463,1,9,9,10,1,18,18,10,1,0.6,1,1
0.6565053463,1,9,9,10,1,18,18,10,1,0.6,1,1
0.8878329992,1,2,2,2,1,4,3,2,1,0,1,1
0.3925759892,0.3333333333,1,1,2,0,1,1,5,1,0,1,1
0.7121915194,0.6363636364,7,7,7,1,7,13,15,1,0.5714285714,0.4,1
0.5504112661,0.2,1,1,1,0.6,1,1,1,1,0.3333333333,0.5,1
0.5225961606,0.3333333333,1,1,1,0.3333333333,2,1,1,1,1,0,1
0.4770137712,0.3,2,2,1,0.2,2,4,3,1,0,0.4,1
0.4770137712,0.3,2,2,1,0.2,2,4,3,1,0,0.4,1
0.4141715492,0.1666666667,2,2,5,0.5,2,7,10,1,0,0,1
0.641226165,0.5,2,2,2,0.5,2,2,2,1,0,0.5,1
0.4765978592,0.3333333333,3,4,0,0.3333333333,4,5,7,1,0.1111111111,0.125,1
0.4041333956,0.1666666667,2,3,2,0.75,3,5,4,1,0.25,1,1
0.6563373655,0.5,2,2,2,0.5,4,5,2,1,1,0,1
0.6563373655,0.5,2,2,2,0.5,4,5,2,1,1,0,1
0.6378380843,0.5,4,4,3,0,4,4,4,1,0.4,0.6666666667,1
0.9630974054,1,5,5,5,1,10,9,5,1,0.25,0.3333333333,1
0.2369908616,0,0,0,0,0,0,1,1,0,0,0,1
0.3338800507,0.08695652174,2,4,2,0.347826087,7,30,10,1,0.2222222222,0.1666666667,1
0.7394070029,1,1,1,1,0,1,1,1,1,0,0,1
0.6856001735,0.8,3,4,3,0.2,6,5,3,1,0.5,0,1
0.6856001735,0.8,3,4,3,0.2,6,5,3,1,0.5,0,1
0.944250683,1,3,3,3,0,3,4,3,1,1,1,1
0.4047505004,0.1428571429,1,1,1,0,1,1,1,1,0.25,0.3333333333,1
0.9279726446,1,2,2,2,0,2,2,2,1,1,1,1
0.5510274619,0.3333333333,3,3,2,0.5,6,6,3,1,0,0,1
0.4885742764,0.3333333333,4,3,1,0,10,5,1,1,0.5,0.1666666667,1
0.9416643083,1,2,2,2,0,2,2,2,1,0,0,1
0.9416643083,1,2,2,2,0,2,2,2,1,0,0,1
0.7306987345,1,2,2,2,1,2,2,2,1,0,0,1
0.8259835541,1,3,3,3,0,6,5,3,1,0.3333333333,1,1
0.648709774,1,2,1,1,1,1,1,2,1,1,1,1
0.660987407,0.5,1,1,1,0,1,1,1,1,1,1,1
0.8375433385,1,4,4,4,0,8,7,4,1,0,1,1
0.736479153,0.7272727273,15,15,14,0.04545454545,32,42,14,1,0.25,0.5625,1
0.9314163029,1,2,2,2,0,4,3,2,1,0,1,1
0.7957542837,1,2,2,2,1,2,2,2,1,0,1,1
0.6184641322,0.6666666667,1,1,1,0,1,1,1,1,1,1,1
0.5114576817,0.5,0,0,0,0,0,1,1,1,1,0,1
0.6341637611,0.4,6,2,2,0,18,6,2,1,0,1,1
0.4706835091,0.4,2,3,1,0,4,3,2,1,0.3333333333,1,1
0.2680224478,0,0,0,0,0,0,1,1,1,0,1,1
0.4343444232,0.4117647059,2,1,0,0.3529411765,2,11,5,0,0.7142857143,0.1666666667,1
0.6905505856,1,3,3,3,0,3,5,3,1,1,1,1
0.5050733477,0.6,1,1,1,0,1,1,2,1,0.3333333333,0.3333333333,1
0.8696485162,1,2,2,2,0,2,2,1,1,0,0,1
0.559108302,0.5,3,2,1,0,6,5,1,1,0,1,1
0.5998036439,0.5,3,4,3,0,13,12,3,1,0.25,0.75,1
0.6736105978,0.6666666667,2,3,3,0,3,3,3,1,0.5,0.5,1
0.8856624663,1,2,2,2,1,2,2,2,1,1,1,1
0.3984271095,0.1666666667,1,2,1,0,2,1,2,1,0,0,1
0.5283358055,0.4285714286,1,1,5,0.7142857143,1,1,7,1,0.25,0.3333333333,1
0.346053545,0.1428571429,1,2,1,0,2,3,2,1,0,0.3333333333,1
0.7250508391,0.7777777778,16,8,9,0,36,18,9,1,0.4285714286,0.4285714286,1
0.5607597502,0.5625,21,9,9,0,42,21,14,1,0.3333333333,0.4444444444,1
0.5870298545,0.6666666667,1,1,1,0,2,1,1,1,0,0.5,1
0.4878702975,0.3333333333,2,3,9,0.4444444444,3,10,10,1,0.4,0.4,1
0.5654640836,0.4285714286,2,2,2,0.5714285714,2,7,3,1,1,1,1
0.6855553985,1,3,3,1,0,3,3,1,1,0,1,1
0.6999682784,1,4,4,4,0,4,6,6,1,0,0.5,1
0.4519445933,0.125,1,1,1,0,5,6,2,1,0.3333333333,0.3333333333,1
0.434269319,0.3333333333,1,1,1,0.3333333333,1,1,1,1,0,0,1
0.4669162697,0.2222222222,2,3,1,0,4,7,2,1,0.1666666667,0.4,1
0.3642846743,0.3333333333,0,0,0,0,0,2,1,0,0,0,1
0.5641623065,0.5,2,2,1,0.25,2,2,1,1,0.5,0,1
0.4177277076,0.04166666667,1,1,6,0.5833333333,1,10,23,1,0.8,0.5,1
0.6179839713,0.7142857143,1,1,1,0,1,1,1,1,0,0.3333333333,1
0.4823872223,0.5,2,2,0,0.5,3,3,1,1,0.6666666667,0.3333333333,1
0.533439979,0.3846153846,5,6,8,0.6153846154,6,6,8,1,0.5714285714,0.8333333333,1
0.5289154574,0.5,1,1,2,0,1,1,2,1,1,0,1
0.6189411134,0.5,1,1,1,0,2,1,1,1,1,0,1
0.5612070759,0.8333333333,0,1,0,0,1,3,3,0,0,0.5,1
0.5497734158,0.6363636364,6,6,15,0,14,17,28,1,0.4285714286,0.3,1
0.8927384615,1,2,2,2,0,4,3,2,1,0,0,1
0.1973521726,0.05,1,1,2,0.25,1,5,5,1,0.1111111111,0.1428571429,1
0.2741971252,0,0,0,0,0.3333333333,0,1,2,0,0.5,0.5,1
0.9436163902,1,3,3,3,0,3,3,3,1,0,0,1
0.9436163902,1,3,3,3,0,3,3,3,1,0,0,1
0.6649362892,0.5,1,2,4,0,5,5,5,1,1,1,1
0.5518830915,0.3333333333,1,1,0,0,1,1,1,1,1,1,1
0.3725169301,0.1,1,1,1,0.1,1,1,8,1,0.1666666667,0.1666666667,1
0.5128474285,0.5,1,4,0,0,4,8,1,1,0.6666666667,0,1
0.7078740895,0.875,6,6,7,0.875,12,15,14,1,0.6,0.5,1
0.7078740895,0.875,6,6,7,0.875,12,15,14,1,0.6,0.5,1
0.8309852332,1,10,10,4,0,10,10,9,1,0.4,0.5,1
0.7080969546,0.6666666667,5,5,4,0,5,7,7,1,0,0.75,1
0.7080969546,0.6666666667,5,5,4,0,5,7,7,1,0,0.75,1
0.591373086,0.3333333333,1,1,1,0,3,2,1,1,1,1,1
0.4205872439,0.4,2,2,1,0,2,7,5,1,0,0.2,1
0.8165751994,1,2,2,0,0,2,2,1,1,0,1,1
0.6065775737,0.7,4,4,1,0,4,5,3,1,0.6666666667,1,1
0.3659194623,0.1428571429,1,1,0,0.5714285714,1,4,3,1,0.3333333333,0.6666666667,1
0.9511382878,1,2,2,2,1,4,3,2,1,0,1,1
0.5004505473,0.2857142857,1,1,2,0.2857142857,1,1,2,1,1,0,1
0.8294151723,1,1,1,1,1,2,1,1,1,1,1,1
0.854149729,1,2,2,2,0,3,2,2,1,0,1,1
0.5756975412,1,2,2,1,0,5,2,2,1,0,0.3333333333,1
0.5951228823,0.5714285714,1,1,2,0.2857142857,1,3,3,1,0.3333333333,0.5,1
0.7046885888,1,2,2,2,1,2,3,3,1,0,1,1
0.4775486678,0.2,1,1,2,1,3,2,5,1,1,1,1
0.5549848229,0.3333333333,2,2,2,0,4,3,3,1,0.6666666667,0.6666666667,1
0.6389028558,0.8571428571,3,4,3,0.8571428571,4,6,6,1,0.4,0.6666666667,1
0.6389028558,0.8571428571,3,4,3,0.8571428571,4,6,6,1,0.2,0.6666666667,1
0.9720651507,1,2,2,2,0,4,3,2,1,1,1,1
0.9720651507,1,2,2,2,0,4,3,2,1,1,1,1
0.6375251412,1,0,0,0,0,1,1,1,0,0,0,1
0.5996867061,0.6,2,2,2,0.4,2,2,3,1,0.5,1,1
0.8017137945,1,2,2,2,0.75,5,4,3,1,0.6666666667,0.5,1
0.5563692749,0.3333333333,1,1,1,1,1,1,1,1,1,1,1
0.6652836502,0.5,1,1,1,0.5,1,1,1,1,1,1,1
0.2210977865,0,0,0,0,0,0,1,1,0,0,0,1
0.677250425,0.8333333333,5,6,3,0.6666666667,5,4,3,1,0.5,1,1
0.6714382966,0.6666666667,1,2,2,0.3333333333,4,4,5,1,1,1,1
0.7504739563,1,2,2,1,0,3,2,1,1,0,1,1
0.5982642869,0.5555555556,3,3,5,0.5555555556,3,5,5,1,0.4,0.6,1
0.393114438,0.1666666667,1,1,1,0,3,6,1,1,0,0.5,1
0.9191018939,1,1,1,1,0,2,1,1,1,1,0,1
0.6626219451,0.8,3,3,1,1,5,6,2,1,0.6666666667,0.5,1
0.4319984853,0.2,1,1,1,0.2,2,2,1,1,0.5,1,1
0.627361536,0.6666666667,1,1,1,0,0,2,1,1,0.5,0.5,1
0.9610251784,1,2,2,2,0,4,3,2,1,1,1,1
0.5032928884,0.4545454545,1,1,1,0,2,3,5,1,0.25,0,1
0.524208717,0.5,1,2,2,0.5,4,3,3,1,0.5,0.5,1
0.5789616752,0.9,5,6,2,0.5,13,12,4,1,0.5,1,1
0.5289816094,0.4117647059,6,6,6,0,6,11,9,1,0.2,0.7,1
0.6940244436,1,2,2,2,1,2,2,2,1,1,1,1
0.629886349,1,1,1,2,1,2,2,3,1,1,1,1
0.873379906,1,3,3,3,0,6,5,3,1,0,1,1
0.8235049248,1,2,2,2,1,4,3,2,1,1,1,1
0.4635127902,0.2,1,2,2,0,4,4,2,1,0.5,1,1
0.5345350921,0.6,1,1,1,0,4,2,1,1,1,0,1
0.8619937301,1,4,4,6,1,8,8,8,1,0.6666666667,0.6666666667,1
0.8619937301,1,4,4,6,1,8,8,8,1,0.6666666667,0.6666666667,1
0.6480890363,0.5,2,2,2,0.5,4,3,2,1,0.3333333333,0.3333333333,1
0.8335925539,1,3,3,3,0,3,3,3,1,0,1,1
0.4874899199,0.4705882353,6,6,7,0.2941176471,11,16,13,1,0.4285714286,0.8,1
0.9082137048,1,4,4,3,1,4,4,3,1,0.3333333333,1,1
0.700763911,0.5,1,1,1,0.5,1,1,1,1,1,1,1
0.6329660316,0.6666666667,1,1,1,1,1,1,1,1,0,0.5,1
0.7283275127,1,2,2,1,0,1,1,1,1,0,0,1
0.7283275127,1,2,2,1,0,1,1,1,1,0,0,1
0.5676408964,0.5714285714,3,3,1,0.1428571429,3,4,1,1,0.25,0.3333333333,1
0.7337017442,0.8571428571,4,4,4,1,4,4,5,1,0.25,1,1
0.6116526604,0.8,2,2,2,0.4,2,4,3,1,0,0.5,1
0.146739969,0,0,0,0,0,0,5,1,0,0,0,1
0.1975708283,0,0,0,0,0,0,1,1,0,0,0,1
0.1975708283,0,0,0,0,0,0,1,1,0,0,0,1
0.6290892363,1,2,2,0,0,2,2,1,1,1,0,1
0.6290892363,1,2,2,0,0,2,2,1,1,1,0,1
0.5225557983,0.5,4,3,3,0.75,9,7,3,1,0.6666666667,0.6666666667,1
0.5225557983,0.5,4,3,3,0.75,9,7,3,1,0.6666666667,0.6666666667,1
0.6270570494,0.75,2,2,7,0.4375,2,6,15,1,0,0.8,1
0.6270570494,0.75,2,2,7,0.4375,2,6,15,1,0,0.8,1
0.512496093,0.5217391304,5,6,5,0.1739130435,6,17,12,1,0.6923076923,0.5454545455,1
0.5526288688,0.6,4,4,1,0.4,2,2,1,1,0.5,0.5,1
0.5638850123,0.7,1,1,1,0,4,16,5,1,0.3333333333,0,1
0.5638850123,0.7,1,1,1,0,4,16,5,1,0.3333333333,0,1
0.6070015207,0.75,3,4,4,0.5,6,6,6,1,0.5,0.5,1
0.6070015207,0.75,3,4,4,0.5,6,6,6,1,0.5,0.5,1
0.8165509105,1,3,3,3,1,6,5,3,1,0,1,1
0.4544496934,0.3333333333,1,1,1,0,1,1,1,1,0,0,1
0.753374731,0.9090909091,9,9,9,1,9,9,9,1,0.4444444444,0.6,1
0.62517539,0.8888888889,4,4,3,0.5555555556,5,4,5,1,0.5,0.75,1
0.549524352,0.5,1,1,1,0.25,5,3,1,1,0.6666666667,0.3333333333,1
0.3794154962,0.1333333333,2,2,3,0.2,2,5,4,1,0.6,0.2,1
0.6330284029,0.5,2,1,1,0,4,3,1,1,0,0,1
0.468325468,0.2857142857,2,3,2,0.2857142857,5,4,3,1,0.1666666667,0.2,1
0.2965610479,0.0625,1,1,1,0,4,12,3,1,0.1428571429,0.1428571429,1
0.6680628806,0.5,1,1,1,0.5,1,1,3,1,0,1,1
0.7221076829,1,2,2,2,0.2857142857,6,9,3,1,0.5,1,1
0.8735043208,1,3,3,3,1,3,3,3,1,0,1,1
0.4165667047,0.3333333333,0,1,0,0.4444444444,2,1,2,1,1,0.5,1
0.6221716255,0.5,1,1,1,0,1,1,1,1,1,0,1
0.7369240522,0.6666666667,2,2,1,0.3333333333,2,2,1,1,0,1,1
0.5461644679,0.5,1,1,1,0,1,2,1,1,1,0,1
0.6446979642,0.7142857143,5,6,6,0.8571428571,10,14,7,1,0.6,1,1
0.5335378551,0.5714285714,3,4,5,0.6071428571,17,36,23,1,0.5,0.25,1
0.3956157595,0.2,1,1,1,0.4,2,3,1,1,0.5,0.5,1
0.7149845362,1,2,2,2,1,4,2,2,1,1,1,1
0.6295882165,0.6666666667,3,4,2,0.3333333333,7,7,3,1,0.6666666667,1,1
0.536847737,0.5384615385,5,8,4,0.7692307692,5,6,6,1,0.4285714286,0.8,1
0.4291302687,0.1578947368,0,0,1,0,0,5,2,0,0.5833333333,0.1111111111,1
0.254012751,0.06666666667,1,1,2,0,3,4,3,1,0.1428571429,0.5,1
0.7827495784,1,5,4,6,1,9,10,8,1,0.3333333333,1,1
0.5565443337,0.5,2,2,0,0.3333333333,2,2,2,1,1,1,1
0.1468041986,0,0,0,0,0,0,2,4,0,0,1,1
0.641347607,0.6666666667,2,2,2,0.3333333333,5,4,3,1,0.3333333333,0.6666666667,1
0.56413426,0.3333333333,1,1,1,0.3333333333,2,1,1,1,1,1,1
0.6566562653,0.5,1,1,1,0.5,1,1,1,1,0,0,1
0.7196560651,1,2,2,4,1,2,2,6,1,0.5,1,1
0.7441903353,1,1,1,2,0.5,4,2,2,1,1,1,1
0.806312871,1,5,5,2,0,5,9,2,1,0.5,0.6666666667,1
0.9550840259,1,2,2,2,1,4,3,2,1,1,1,1
0.535576423,0.3333333333,1,1,1,1,1,1,1,1,1,1,1
0.8970535994,1,2,2,2,0,2,2,2,1,0,1,1
0.6350561361,0.7333333333,4,5,3,0.7333333333,5,13,7,1,0.1111111111,0.5714285714,1
0.3688839227,0,0,1,3,0.4285714286,8,8,3,1,0.3333333333,0.3333333333,1
0.7319541077,0.6666666667,0,0,2,0,0,2,3,1,0,0.5,1
0.6741248568,0.6666666667,4,4,4,0.6666666667,7,6,4,1,0.6,1,1
0.7269181063,0.8333333333,2,3,3,0.5,9,8,3,1,0.5,1,1
0.9070138335,1,2,2,2,0,4,3,2,1,1,1,1
0.771984607,1,2,1,1,0,2,1,1,1,0,1,1
0.3490078288,0.1666666667,3,3,1,0.1666666667,2,12,3,1,0.2857142857,0.2,1
0.7479086037,0.7692307692,9,10,10,0.7692307692,19,19,11,1,0.3,0.8,1
0.7204151154,1,5,5,5,1,12,12,12,1,0.1666666667,0.8,1
0.7735631168,0.75,2,3,2,0.75,5,4,2,1,1,1,1
0.4768518905,0.3333333333,1,1,1,0.3333333333,1,3,2,1,1,1,1
0.8278443615,1,2,2,3,1,4,3,3,1,0,1,1
0.8522279263,1,2,2,2,0,2,2,2,1,0,1,1
0.5711411138,0.6666666667,1,1,1,0.6666666667,3,1,1,1,0.5,0.5,1
0.3964122233,0.2142857143,0,1,0,0,1,15,22,1,0.8,0.5,1
0.4719697721,0.5,0,0,0,0,0,1,1,1,0.5,1,1
0.7279634625,1,3,3,4,1,3,3,4,1,0.5,1,1
0.5335621503,0.6666666667,0,0,3,0.1111111111,1,3,3,1,0.25,0.3333333333,1
0.8719057952,1,7,7,7,1,7,7,7,1,0,0.8,1
0.6865961701,0.75,2,2,2,0,2,2,2,1,1,1,1
0.6390294433,1,1,1,1,0,1,1,1,1,0.6666666667,0.6666666667,1
0.9543684572,1,4,4,4,1,8,7,4,1,0,1,1
0.4375349184,0.3333333333,0,0,0,1,0,1,1,0,1,1,1
0.7039894462,1,5,5,2,0.4,7,9,2,1,0.25,0.25,1
0.4617826159,0.3529411765,4,4,2,0.1176470588,4,4,8,1,0.125,0.1428571429,1
0.747592926,1,1,1,1,0,1,1,1,1,0,1,1
0.5812199967,0.4285714286,2,2,2,0,7,8,2,1,0.2,0.25,1
0.9513211846,1,3,3,3,0,3,3,3,1,1,1,1
0.753692683,0.9,6,7,6,0,14,13,6,1,0.375,0.7142857143,1
0.9374415278,1,2,2,2,1,2,3,2,1,1,1,1
0.460282445,0.3333333333,0,1,0,0,2,2,2,0,1,0,1
0.619014658,0.625,4,5,3,0.5,6,5,3,1,0.3333333333,0.5,1
0.5082639322,0.3,3,6,3,0.3,7,6,3,1,0.4,0.4,1
0.5984392762,0.625,5,5,4,0.5,5,7,6,1,0,0.75,1
0.5397714823,0.5,1,1,1,0.5,1,1,1,1,0,0,1
0.2469749327,0,0,0,0,0,0,1,2,0,1,0.5,1
0.5890012398,0.7,3,3,6,0.7,3,3,6,1,0.4285714286,0.3333333333,1
0.4142757108,0.3333333333,1,1,1,0,2,1,1,1,0,0,1
0.4734967828,0.2,0,0,1,0.4,0,1,1,1,0,0,1
0.6978915632,1,2,2,2,0,4,4,3,1,0.5,1,1
0.932207942,1,2,2,2,0,2,2,2,1,0,1,1
0.5946638063,0.75,9,11,5,0.4166666667,11,12,5,1,0.2222222222,0.8571428571,1
0.5468124072,0.5294117647,2,3,2,0.4117647059,4,7,6,1,0.3,0.7,1
0.6634046417,0.75,5,5,5,0.75,9,10,6,1,0.1428571429,0.6,1
0.5019752085,0.2857142857,1,1,1,0,5,4,1,1,0.25,0.25,1
0.5434547544,0.4,2,2,2,0,2,3,3,1,0,1,1
0.5933149233,0.5,2,2,2,0,2,2,2,1,1,1,1
0.6482757429,0.6666666667,2,2,2,0.3333333333,2,2,2,1,0.5,0.5,1
0.3593018398,0.2,1,1,1,0,4,6,1,1,0.25,0.5,1
0.6111616045,0.5,1,1,1,0.5,2,1,1,1,0,1,1
0.7476411164,1,2,2,0,0,2,2,1,1,1,1,1
0.8200119053,1,6,6,7,0,6,12,7,1,0.3333333333,0.6666666667,1
0.7571821213,1,2,2,2,0,2,3,2,1,1,1,1
0.4848106205,0.375,5,5,10,0.75,3,11,11,1,0.8333333333,0.6,1
0.4454938583,0.125,1,2,1,0,2,2,1,1,0.5,0.3333333333,1
0.9449545443,1,3,2,2,0,5,4,1,1,0,1,1
0.4441754036,0.3333333333,1,1,1,0,2,1,1,1,0.5,0.5,1
0.6767110229,0.5,1,1,0,0,2,1,1,1,0,0,1
0.5428114176,0.4,2,3,2,0.6,5,6,2,1,0.5,0,1
0.4604125947,0.4,0,0,2,0.8,0,1,2,1,0.5,0,1
0.7957657278,1,2,2,2,0,2,2,2,1,0,1,1
0.748497963,1,2,2,1,0,3,2,1,1,1,1,1
0.3919264972,0.1666666667,2,4,2,0.3333333333,4,12,2,1,0.75,1,1
0.8577055889,0.8571428571,6,6,6,0.8571428571,6,6,6,1,0,1,1
0.4757900655,0.4,1,1,1,0.4,1,1,3,1,0.8,0.2,1
0.9555898756,1,7,4,4,1,7,7,4,1,0.3333333333,1,1
0.2707500234,0,0,1,0,0,1,1,1,0,0,0,1
0.5795615039,0.6666666667,3,3,5,0.2962962963,3,14,15,1,0.09090909091,0.3333333333,1
0.868591283,1,7,7,7,1,7,7,7,1,0.6666666667,1,1
0.3362781703,0.3333333333,1,1,1,0,1,1,1,1,0,0,1
0.4024216328,0.1875,0,1,0,0.25,1,10,3,0,0.25,0,1
0.4768385192,0.3333333333,0,2,0,0.25,6,7,8,1,0.5,0.5,1
0.4426932019,0.3529411765,2,3,5,0,3,15,5,1,0.375,0.5714285714,1
0.547365731,0.4,2,2,2,1,2,3,4,1,1,1,1
0.6207888782,0.8,0,1,3,0.8,4,7,7,1,0.3333333333,1,1
0.6250453144,0.5,1,1,2,1,4,2,3,1,0,0,1
0.569839308,0.5,2,2,0,0,2,2,1,1,0.3333333333,1,1
0.5350740314,0.5428571429,11,13,20,0.6571428571,13,27,21,1,0.5,0.6,1
0.9228519599,1,3,3,3,0,3,3,3,1,0,0.5,1
0.6551165134,0.75,1,1,2,0.75,1,1,2,1,0.5,0.5,1
0.4868616859,0.2857142857,5,4,12,0.8571428571,5,14,18,1,0.9375,0.4666666667,1
0.4967727736,0.25,1,1,2,0.5,1,1,2,1,0.5,0,1
0.5627804548,0.5,1,1,1,0,1,2,1,1,0,0,1
0.4463570446,0.4,1,1,0,0.2,1,7,1,0,0.3333333333,1,1
0.3226273274,0.125,1,2,1,0.125,6,8,2,1,0.4,0.5,1
0.3011809109,0.1428571429,2,3,1,0,5,5,1,1,0,0.2,1
0.4244524638,0.1666666667,1,2,1,0.3333333333,2,2,1,1,0.3333333333,1,1
0.7146899998,1,2,2,1,0,4,2,1,1,1,1,1
0.6457797289,0.6666666667,2,2,2,1,2,2,2,1,1,1,1
0.646513323,1,3,3,1,0,4,3,1,1,0,0,1
0.642415151,1,1,1,1,0.25,2,1,1,1,1,0.5,1
0.8279876113,1,4,4,2,1,4,4,3,1,0.5,1,1
0.745929569,1,3,2,2,0,3,3,2,1,0,0,1
0.6684331894,0.5,2,2,2,1,2,4,3,1,1,1,1
0.4920421562,0.5833333333,1,3,2,0.5,3,11,5,1,0.125,0.75,1
0.5625416934,0.8,0,1,4,0,1,7,4,1,0,0,1
0.4399755001,0.4,1,1,1,0.4,1,2,1,1,0.3333333333,0.5,1
0.4562849743,0.1428571429,1,1,1,0.2857142857,2,6,2,1,1,0.3333333333,1
0.4543910126,0.1666666667,0,0,0,0.3333333333,0,6,2,0,1,0,1
0.5829300582,0.5,1,1,1,0,1,2,1,0,1,1,1
0.5846948177,0.5,1,1,1,0,1,1,1,1,1,0,1
0.5024077356,0.4,3,2,2,0.4,3,2,2,1,0.5,0.5,1
0.610703071,0.7777777778,1,1,4,0.2222222222,4,8,7,0,0.75,0.25,1
0.4364339899,0.2727272727,3,3,3,1,3,7,7,1,0,0.1428571429,1
0.569178015,0.625,6,5,8,1,6,8,9,1,0.8571428571,0.7142857143,1
0.5227897882,0.4,2,4,4,0,8,7,4,1,0.25,0.5,1
0.575522542,0.3333333333,1,1,1,0,1,1,1,1,1,1,1
0.7779053847,0.6666666667,2,3,2,0,5,4,2,1,1,0.5,1
0.277390457,0.04347826087,1,1,2,0.08695652174,1,9,5,1,0,0,1
0.7167813778,1,2,2,3,1,2,2,3,1,0,1,1
0.8757261833,1,3,3,3,1,6,5,3,1,0.5,0.5,1
0.8018937707,1,2,2,2,0.5,2,2,2,1,0,1,1
0.5512005985,0.5,1,1,1,0,2,1,1,1,0,1,1
0.8662787378,1,2,2,2,1,6,4,2,1,1,1,1
0.4393217481,0.3333333333,0,0,0,0.5555555556,0,3,3,1,0.6666666667,0.6666666667,1
0.6956676841,0.8571428571,3,3,3,0.8571428571,3,4,4,1,0.75,1,1
0.3578522769,0.07142857143,1,1,1,0.2857142857,1,20,13,1,0.2142857143,0,1
0.3527750068,0.1904761905,1,3,1,0.5714285714,12,22,6,1,0.2,0.375,1
0.2919044793,0,0,0,0,0.75,0,1,2,0,0,0,1
0.2437623348,0,0,1,0,0.75,3,2,1,0,0,0,1
0.4163242131,0.1111111111,0,1,0,0.6666666667,8,13,13,1,0.2,0.8,1
0.3537009954,0.1666666667,0,1,0,0,0,2,2,0,0.5,0,1
0.736782077,0.8,7,7,6,0,23,21,14,1,0.1666666667,0.6,1
0.4086646205,0.1875,3,5,2,0,9,16,5,1,0.5,0.7142857143,1
0.4547887594,0.25,1,2,1,0.25,3,1,1,1,0.5,0.5,1
0.2972107306,0.25,1,1,1,0.75,2,1,1,1,0,0,1
0.7260575976,1,3,3,7,0,3,3,10,1,0,0.6666666667,1
0.5421662728,0.6666666667,1,1,1,1,1,1,1,1,1,0,1
0.5426289078,0.4,7,9,7,0.5,14,13,11,1,0.2857142857,1,1
0.5497332382,0.4705882353,6,8,6,0.5294117647,12,11,8,1,0.3333333333,1,1
0.3973014341,0.1904761905,1,5,2,0.380952381,7,23,12,1,0.5714285714,0.4285714286,1
0.7340209305,0.8,3,3,3,0.2,3,3,4,1,1,1,1
0.4968083054,0.5,0,0,1,1,0,1,1,0,0,0,1
0.3975460738,0.2,0,0,0,0.4,0,1,1,0,0,0,1
0.5225028382,0.5454545455,4,4,7,0.2727272727,2,10,9,1,0.5,0.3333333333,1
0.5295973793,0.25,1,1,1,0,1,1,1,1,0,0.5,1
0.6325364299,0.625,5,6,7,1,5,11,12,1,0.4,0.75,1
0.2330119113,0,0,0,0,0,0,1,1,0,0,0,1
0.4387671479,0.2857142857,1,1,1,0.4285714286,1,6,2,1,0.3333333333,0.3333333333,1
0.6425509726,0.8333333333,3,3,3,0.1666666667,3,4,4,1,0.3333333333,0.5,1
0.3957941085,0,0,1,0,0.375,0,4,1,0,0.75,0.25,1
0.5002963874,0.4444444444,2,2,2,0.3333333333,2,3,2,1,0.3333333333,0.3333333333,1
0.3400763959,0.1,1,1,1,0.1,1,1,4,1,0.25,0.6666666667,1
0.7057171762,1,2,2,2,1,2,2,3,1,0,1,1
0.3746444628,0.2,2,2,2,0,2,2,2,1,0.4,0.5,1
0.5682339817,0.5,1,1,1,0,1,1,1,1,0,0,1
0.6292624176,0.6666666667,2,1,1,0.6666666667,2,4,1,1,1,1,1
0.5841211081,0.5,2,1,2,0.5,2,3,2,1,0,0,1
0.5949043185,0.5,1,1,1,1,1,1,1,1,0,0,1
0.7089493473,1,1,1,1,0.3333333333,3,2,1,1,1,1,1
0.6421629667,0.8,2,2,2,0,7,11,3,1,1,1,1
0.7024336259,1,1,1,1,0,2,1,1,1,0,1,1
0.4064245543,0.1034482759,1,2,5,0,2,28,9,0,0.2857142857,0,1
0.4047073796,0,0,2,0,0.5,0,1,2,0,0,0,1
0.7031732202,0.6666666667,3,2,1,0,8,7,1,1,1,1,1
0.5533119589,0.6666666667,6,6,6,0.6666666667,12,11,6,1,0,0.5,1
0.8239642111,0.9090909091,5,5,8,0.8181818182,5,5,10,1,0.2857142857,0.5,1
0.5110320002,0.4285714286,1,1,5,0.5,1,2,6,0,0.2857142857,0.1666666667,1
0.5081534223,0.4545454545,5,5,5,0,5,7,5,1,0.4285714286,0.1666666667,1
0.6526640554,0.6666666667,2,2,0,0,2,2,2,1,0,0.5,1
0.65702794,0.6666666667,1,1,1,0,2,1,2,1,0,1,1
0.4213411932,0.1666666667,3,5,3,0,7,9,5,1,0,0.1428571429,1
0.3710175641,0.125,1,2,1,0,4,4,1,1,0,0,1
0.484638311,0.25,1,1,1,1,3,2,1,1,0.5,0.5,1
0.7516579032,1,1,1,1,0,1,1,1,1,1,1,1
0.7169541791,0.75,2,3,3,0,3,3,3,1,0.3333333333,0.5,1
0.3379748348,0.1666666667,2,3,2,0,3,7,3,1,0.1,0.125,1
0.3699387638,0.25,2,3,3,0.375,3,3,3,1,0.3333333333,0.3333333333,1
0.6162477508,0.5,2,3,1,0,3,3,1,1,0.6666666667,0.3333333333,1
0.6428566799,0.75,2,2,2,0.25,5,4,2,1,0.6666666667,1,1
0.5622077435,0.6666666667,2,2,1,0.3333333333,7,6,2,1,0.5,0.25,1
0.8138216138,1,4,4,4,1,4,5,4,1,0.6666666667,1,1
0.4903877988,0.4,2,2,1,0,2,2,1,1,0.6,0.25,1
0.6340340475,0.7777777778,5,6,6,0,6,12,6,1,0.2857142857,0.75,1
0.4820693785,0.3636363636,2,2,2,0,5,19,7,1,0.5,0.6,1
0.365856057,0.25,1,1,1,0,2,1,1,1,0,1,1
0.8419348598,1,4,4,4,1,7,6,4,1,0.6666666667,0.6666666667,1
0.3300965205,0.1666666667,0,1,0,0.3333333333,3,4,1,0,0,0,1
0.4771267126,0.1666666667,1,2,1,0,3,2,1,1,0.3333333333,0.3333333333,1
0.5363431126,0.5,1,1,1,0.125,2,2,1,1,0.5,0.5,1
0.3837477946,0.1111111111,0,0,1,0,0,2,1,1,0.3333333333,0.3333333333,1
0.6246718566,0.6666666667,2,2,2,0,2,6,6,1,0.5,0.5,1
0.4134954413,0,0,2,0,0.3333333333,1,1,1,1,0.5,0,1
0.3822121695,0.3333333333,0,2,0,0.6666666667,3,3,1,1,1,0.6666666667,1
0.3980910161,0.2777777778,4,9,4,0.3888888889,7,9,5,1,0.7777777778,0.2857142857,1
0.6493040941,0.9285714286,11,11,6,0,11,16,10,1,0.6153846154,0.375,1
0.5059479475,0.5,1,1,1,1,1,1,1,1,0,1,1
0.4707645746,0.375,5,3,3,0.375,5,5,3,1,0,0,1
0.244852367,0,0,0,0,0,0,1,1,0,0,0,1
0.4898119867,0.5384615385,1,1,1,0.1538461538,1,2,3,1,0.6,0.8,1
0.9350532691,1,3,3,0,0,3,3,3,1,0,1,1
0.8475213647,1,2,2,2,0,2,2,2,1,0,0,1
0.7413859069,1,2,2,2,1,2,2,2,1,1,1,1
0.6250464022,1,0,0,1,0,0,1,1,1,1,0,1
0.9919618368,1,2,2,0,0,2,2,1,1,0,0,1
0.5881206989,0.5,1,1,1,1,1,1,1,1,1,0,1
0.7593166232,1,2,2,1,0,2,1,1,1,0,1,1
0.3260338505,0.05555555556,0,0,2,0,0,6,6,0,0.1666666667,0.5,1
0.3717705235,0.1666666667,2,4,2,0,4,9,6,1,0.2857142857,0.4,1
0.4613186717,0.2727272727,2,3,2,0,8,13,4,1,0.4285714286,0.4,1
0.6157194277,0.3333333333,1,2,0,0,4,3,1,1,1,1,1
0.449971017,0.2857142857,4,4,9,0,4,8,12,1,0.1428571429,0.5,1
0.6192469746,0.5,2,2,2,0,2,3,3,1,0.5,1,1
0.3429219127,0,0,0,0,0,0,1,2,0,0,0,1
0.2720016167,0,0,1,0,0,1,1,1,0,0,0,1
0.3338296711,0,0,0,0,0,0,1,2,0,0,0,1
0.3888665512,0,0,0,0,0,0,1,2,0,0,0,1
0.7780793707,1,2,2,3,0,2,2,3,1,0,0.5,1
0.4256226321,0.3333333333,1,1,1,0,3,2,1,1,0.5,0,1
0.7570184469,1,4,4,2,0,4,4,3,1,1,1,1
0.3327171628,0.06,2,7,3,0.34,4,43,20,1,0.05263157895,0.1111111111,1
0.4195474204,0.2222222222,2,4,2,0.3333333333,5,26,5,1,0.5,0,1
0.4036425501,0.1739130435,2,2,0,0.347826087,1,15,7,0,0.1666666667,0.2,1
0.5337095658,0.6666666667,1,1,1,0.6666666667,6,4,2,1,0.5,0,1
0.9019314249,1,3,3,3,1,9,7,3,1,0,1,1
0.4428111821,0.3,1,1,0,0,2,1,1,1,0.5,0.3333333333,1
0.7015896887,0.5,1,1,1,0,1,1,1,1,1,1,1
0.3595118761,0.4,0,0,0,0.2,0,1,1,1,0,0,1
0.6037354171,0.3333333333,2,1,1,1,2,2,1,1,1,1,1
0.5933208168,0.8,2,2,3,0,2,2,3,1,0.5,1,1
0.7329841554,1,2,2,2,0.5,2,2,2,1,0,1,1
0.5625722334,0.5,1,1,1,0,1,1,1,1,0,0,1
0.5906563163,0.6,2,2,2,0.4,2,3,2,1,0,0.5,1
0.8985443115,1,2,2,2,1,2,2,2,1,1,1,1
0.638653487,0.5,1,1,1,0.5,2,1,1,1,1,1,1
0.383096238,0.3333333333,1,3,1,0,3,3,1,1,0,0,1
0.5772323353,0.5714285714,1,2,1,0,1,1,1,1,0.6666666667,0,1
0.4159405753,0.25,0,0,1,0,0,1,1,1,0.75,1,1
0.8975503445,1,2,2,2,0,2,2,2,1,0,1,1
0.6065019518,0.5,1,1,1,0,1,1,1,1,0,0,1
0.4914617215,0.4736842105,3,4,3,0.5789473684,8,20,11,1,0.3333333333,0.6,1
0.6538870066,0.6,6,8,4,0.3,8,9,5,1,0.25,0.25,1
0.4716151158,0.3333333333,2,2,1,0.3333333333,2,3,2,1,0.2,0.5,1
0.79001683,1,3,3,3,0,3,4,1,1,0.6666666667,0.6666666667,1
0.467869943,0.375,6,11,3,0.25,9,13,3,1,0.3333333333,0.5,1
0.3210006858,0.08571428571,2,7,3,0.1714285714,13,57,7,1,0.2142857143,0.3636363636,1
0.5177531218,0.3333333333,15,15,15,0.4222222222,45,56,28,1,0,0.7058823529,1
0.5185607294,0.3333333333,5,5,5,0.6,17,19,8,1,0.1428571429,0.4,1
0.9401906729,1,4,4,4,0,8,7,4,1,0,1,1
0.3636602685,0.2,1,2,1,0,2,2,3,1,0,0.25,1
0.5341678679,0.4,2,2,1,0,2,2,1,1,0.3333333333,1,1
0.538597318,0.5833333333,1,1,1,0,3,5,2,1,0.4,0.5,1
0.5009773786,0.6153846154,0,0,0,0,0,7,1,0,0.7142857143,0,1
0.5896751533,0.5,2,3,2,0,5,6,2,1,0.75,0.6666666667,1
0.8490524143,1,4,4,4,0,8,7,4,1,0.5,0.5,1
0.4530240744,0,0,0,0,0,0,1,1,0,1,0,1
0.7523491979,1,3,3,0,0,3,3,6,1,1,1,1
0.5683778286,0.6,1,2,2,0,4,6,3,1,0.5,0.5,1
0.5675398856,0.3333333333,2,2,2,0.3333333333,4,4,4,1,0.5,0.5,1
0.5873863953,0.4285714286,3,3,3,0.4285714286,3,3,3,1,0,0.6666666667,1
0.4239700228,0.2,0,1,1,0,1,1,6,0,0,0.5,1
0.5552723904,0.3333333333,1,1,1,0.6666666667,1,1,1,1,1,1,1
0.5497476161,0.6666666667,1,1,1,0.3333333333,1,1,1,1,1,1,1
0.6793226898,1,1,1,1,0,1,1,1,1,0,0,1
0.7143289248,1,3,3,1,0,1,3,1,1,0,1,1
0.5320814947,0.3333333333,2,2,2,0.1666666667,4,6,4,1,0,0,1
0.4638954724,0.3333333333,1,1,1,0.1666666667,1,1,1,1,0.5,0.5,1
0.4120873411,0.3333333333,0,0,0,0,0,1,1,0,0,1,1
0.3849707648,0.1,1,1,1,0,1,4,2,1,0.5,0.25,1
0.8938805163,1,4,4,4,0,8,7,4,1,0.6666666667,1,1
0.8867480457,1,4,4,4,0,8,7,4,1,1,1,1
0.6631580591,1,4,4,5,0,4,4,5,1,0,1,1
0.436496311,0.3571428571,4,4,2,0.2857142857,2,12,2,1,0.4444444444,0.3333333333,1
0.4474580782,0.25,4,4,1,0.0625,4,14,1,1,0.2,0.25,1
0.5002879798,0.375,3,3,2,0.5,3,8,3,1,0.25,0.75,1
0.4325407637,0.1428571429,1,3,1,0.5714285714,2,1,1,1,0.3333333333,0,1
0.4816107504,0.4,4,4,4,0.4,4,4,5,1,0.4,0.6666666667,1
0.4435834825,0.4,1,1,1,0.4,1,1,1,1,0.5,1,1
0.468443657,0.3333333333,1,1,1,0.3333333333,1,1,1,1,1,1,1
0.4859303066,0.4285714286,3,4,3,0.7142857143,3,3,3,1,0.3333333333,0.3333333333,1
0.2486401647,0,0,0,0,0.3333333333,0,1,1,0,1,0,1
0.4529214054,0.3333333333,1,1,1,0.3333333333,1,1,1,1,1,0,1
0.4132207492,0.1176470588,0,3,0,0.2941176471,2,3,1,1,0.6666666667,0.6,1
0.6109434962,0.5,1,2,1,0.5,2,1,1,1,0,0,1
0.5844879448,0.5,2,1,1,0,4,1,1,1,1,1,1
0.5941632773,0.5714285714,4,4,4,1,4,7,6,1,0.25,1,1
0.4083700739,0.25,1,1,2,0.75,1,1,2,1,0.5,0.5,1
0.5428361893,0.25,1,1,2,0.75,3,1,2,1,0.5,0.5,1
0.883622249,1,3,3,4,0,3,4,4,1,1,1,1
0.6668729708,0.75,3,3,2,0.75,2,2,2,1,0.5,1,1
0.8465893269,1,5,5,5,0,5,5,5,1,0.5,0.75,1
0.9167946875,1,2,2,2,0,4,3,2,1,0,1,1
0.6607349813,0.5,1,1,1,0,2,1,1,1,1,1,1
0.5676252743,0.4166666667,3,4,2,0.4166666667,8,8,4,1,0.5,0.6666666667,1
0.4377283454,0.2857142857,0,0,0,0.2857142857,0,2,2,0,0,0.6666666667,1
0.382600228,0.3333333333,0,0,0,0.3333333333,0,2,2,0,0,0.5,1
0.357460351,0.25,1,1,1,0.3333333333,2,1,3,1,0.1666666667,0,1
0.3165711932,0.06060606061,2,3,1,0.3636363636,3,19,13,1,0.5,0.1666666667,1
0.3917656321,0.1904761905,3,4,5,0.2380952381,4,20,11,1,0.3333333333,0.4285714286,1
0.6439633369,0.5,1,1,1,0.5,1,1,1,1,1,1,1
0.4781063348,0.3333333333,1,1,1,0.6666666667,1,2,1,1,1,1,1
0.6460390416,0.8181818182,7,7,6,0,11,10,16,1,0.375,0.4,1
0.6729598418,0.5,2,2,2,1,2,3,3,1,0,1,1
0.5141010966,0.4285714286,2,3,3,0.7142857143,3,3,3,1,0,0.3333333333,1
0.4822806216,0.4285714286,2,3,3,0.7142857143,3,3,3,1,0.25,0.3333333333,1
0.4905166452,0.3333333333,2,2,2,0.3333333333,2,2,2,1,0.3333333333,1,1
0.4931825052,0.3333333333,2,2,2,0.3333333333,2,2,2,1,0,1,1
0.4663860319,0.3571428571,5,5,4,0,5,10,7,1,0.6,1,1
0.3501209095,0,0,0,0,0,0,1,1,0,0,0,1
0.6205746035,0.6666666667,1,1,2,0,1,1,2,1,0.5,0.5,1
0.4426408604,0.2,1,1,1,0,6,19,9,1,0.2857142857,0.6,1
0.5719645123,0.3333333333,1,1,2,0,1,1,2,1,0,0,1
0.9375183582,1,3,3,3,0,3,3,3,1,0,1,1
0.7565601617,1,0,0,7,0,0,7,7,1,0.5714285714,0.4,1
0.617302072,0.6,4,4,3,0.3,7,13,4,1,0.75,0.6666666667,1
0.5375135704,0.6363636364,2,2,2,0.4545454545,2,3,3,1,0.4,0.2,1
0.5170243333,0.3333333333,2,3,2,0.3333333333,5,6,2,1,0.3333333333,1,1
0.79685239,1,4,4,5,1,4,4,6,1,0.6,0.5,1
0.6636481285,0.5,1,1,1,0,3,1,1,1,0,1,1
0.721736446,0.5,1,1,1,0,2,1,1,1,1,1,1
0.8997609496,1,5,5,5,0,5,5,5,1,0,0.75,1
0.8522345185,1,10,10,10,1,21,20,10,1,0,1,1
0.4190522184,0.1666666667,1,1,1,0.1666666667,1,5,2,1,0,0,1
0.5767602175,0.75,0,0,0,0,0,2,1,0,0.5,0.5,1
0.7435356379,1,1,1,1,1,1,1,1,1,1,1,1
0.6004006118,0.6666666667,2,2,2,1,2,5,7,1,0.25,0.6666666667,1
0.9677015245,1,2,2,2,1,2,2,2,1,0,1,1
0.5441093246,1,0,0,0,0,0,1,1,0,0,0,1
0.3517796819,0.25,2,2,1,0.5,2,6,5,1,0.25,0,1
0.8074143827,1,3,2,2,0,3,5,2,1,1,1,1
0.3768804042,0.1935483871,3,3,3,0.06451612903,3,28,10,1,0.6666666667,0.4545454545,1
0.4254738011,0.1818181818,1,1,1,0,3,3,6,1,0.25,0,1
0.5599074662,0.5,1,1,1,0,1,1,1,1,0,1,1
0.7576999217,1,4,4,4,0,4,4,4,1,0,1,1
0.2332946211,0,0,0,0,0,0,1,1,0,0,0,1
0.5133287973,0.4444444444,0,1,2,0.4444444444,1,2,3,1,0.3333333333,0.3333333333,1
0.7353302002,1,5,5,6,0,5,6,6,1,0,1,1
0.3567392131,0,0,3,0,0,4,16,6,0,0,0,1
0.5610970209,0.6666666667,1,1,1,0.1666666667,1,2,2,1,0,0,1
0.791728884,1,1,1,1,1,2,1,1,1,1,1,1
0.9296464324,1,2,2,2,0,4,3,2,1,0,0,1
0.4247569594,0.2653061224,2,14,3,0.2244897959,39,61,14,1,0.7368421053,0.5333333333,1
0.5076950282,0.4,1,1,1,0,5,2,1,1,0.5,0,1
0.6686672781,0.7142857143,4,4,4,1,5,5,6,1,0.6,0.75,1
0.7194312612,1,2,2,2,0,4,3,2,1,0.5,0.5,1
0.6023323366,0.8571428571,1,1,1,0.2857142857,2,4,2,1,0,0,1
0.4764362325,0.3333333333,2,4,2,0.5,2,15,25,1,0.2,0,1
0.4685074687,0.3333333333,1,1,0,0,1,3,2,0,0.3333333333,0,1
0.5503301322,0.5,1,1,1,1,1,1,1,1,1,1,1
0.3140923399,0.25,1,1,1,0.25,1,1,1,1,0,1,1
0.7971455057,1,2,2,2,0.6666666667,4,3,2,1,1,1,1
0.8257316172,0.8,3,3,3,0.6,7,7,3,1,0.6666666667,1,1
0.4833267033,0.3333333333,1,2,1,0,2,1,1,1,1,1,1
0.8627112508,1,1,1,1,0.3333333333,4,3,2,1,1,1,1
0.5680526687,0.7142857143,6,7,4,0.3571428571,7,17,6,1,0.1666666667,0.1666666667,1
0.5679841767,0.8,5,7,8,0.06666666667,7,8,12,1,0.4285714286,1,1
0.6438747048,0.5,1,1,2,1,1,1,2,1,1,1,1
0.5101085901,0.3333333333,1,2,2,0,3,4,2,1,0.5,0.5,1
0.8814414938,1,3,3,3,1,6,5,3,1,0,0.5,1
0.5749657989,0.4,2,2,2,0.2,2,2,2,1,0.5,1,1
0.5867959956,0.6666666667,1,2,1,0.3333333333,2,2,1,1,1,1,1
0.4025996588,0.25,1,1,1,0,1,2,1,1,0.5,0.5,1
0.5946882367,1,2,2,0,0,2,2,1,1,1,0,1
0.4538930953,0.3,1,1,2,0.5,1,2,3,1,0.25,0,1
0.7732232511,1,2,2,2,1,4,3,2,1,0,1,1
0.5134376734,0.3333333333,1,1,2,0.3333333333,1,1,3,1,0.3333333333,1,1
0.8553263545,1,2,2,2,0,2,3,2,1,0,1,1
0.7005785823,0.8,3,3,3,0,3,6,3,1,0.5,0.75,1
0.5913530588,0.5,1,1,1,0,1,1,1,1,0,1,1
0.8118739128,0.75,3,3,3,0.75,3,3,3,1,1,1,1
0.3097386685,0.04,1,1,1,0.48,1,4,3,1,0.1818181818,0,1
0.3672046032,0.09278350515,3,5,3,0.3195876289,7,76,17,1,0.5294117647,0.02941176471,1
0.2022896707,0,0,1,0,0,2,2,1,0,0,0,1
0.7907347679,1,2,2,1,0,3,2,1,1,0,1,1
0.6355269104,0.6666666667,3,4,3,0.8333333333,12,13,7,1,1,1,1
0.7339592278,0.6666666667,4,4,5,0.5555555556,9,8,5,1,0.25,0.25,1
0.825513502,1,3,3,3,1,3,3,3,1,1,0.5,1
0.4397318676,0.4,1,1,1,0.2,2,1,1,1,0,0.5,1
0.6253068646,1,1,1,1,0,3,3,1,1,1,1,1
0.6502692103,1,2,2,3,0.5,2,2,3,1,0.6666666667,0,1
0.6055993065,0.5,3,2,2,0,5,4,2,1,0.5,0.5,1
0.521482562,0.5,2,2,1,0,2,1,1,1,0.5,0.5,1
0.5673957302,0.6666666667,6,7,2,0.2222222222,7,7,2,1,0.2,0.5,1
0.7791688939,0.6666666667,2,2,2,0,2,2,1,0,0.5,0,1
0.3754539698,0.1052631579,1,3,3,0.4210526316,3,7,13,1,0,0,1
0.4154910371,0.3333333333,2,2,0,0.3333333333,2,2,1,0,0,0,1
0.3339066696,0.125,0,0,0,0.625,0,2,3,0,0,0.6666666667,1
0.5453891344,0.375,3,3,3,0.5,3,3,3,1,0.75,0.5,1
0.7547513694,1,3,3,3,0,3,3,3,1,0,1,1
0.3970619995,0.1666666667,2,3,2,0.1111111111,3,11,9,1,0,0.2,1
0.7891446054,1,1,1,2,1,3,2,2,1,0,0,1
0.4046947286,0.1666666667,1,1,0,0,1,1,1,1,0.25,0.25,1
0.7050962746,1,1,1,1,1,1,1,1,1,1,1,1
0.952991116,1,5,5,5,0,5,5,5,1,0.3333333333,0,1
0.8527411222,1,3,3,2,0,3,3,2,1,0,0,1
0.8688562512,1,2,2,2,1,4,3,2,1,0,1,1
0.615937458,0.6,3,4,3,0.6,3,4,3,1,0.3333333333,0.6666666667,1
0.7003857791,1,1,1,1,0.5,1,1,1,1,1,1,1
0.8987092078,1,2,2,2,1,4,3,3,1,0,1,1
0.5858157774,0.3333333333,1,1,1,0.3333333333,2,1,1,1,0,0,1
0.4372855739,0.2857142857,2,3,1,0.07142857143,3,8,6,1,0.1666666667,0.1111111111,1
0.2467780709,0,0,0,0,0,0,1,1,0,0,0,1
0.3301473409,0.1428571429,1,1,1,0,1,1,1,1,0,0,1
0.2499672733,0,0,0,0,0,0,2,1,0,0.5,0.5,1
0.6935227364,0.5,1,1,0,1,1,1,1,1,0,0,1
0.3560892591,0.2,5,6,4,0.24,6,11,4,1,0.1,0.1666666667,1
0.9111272395,1,2,2,2,0,2,2,2,1,0,1,1
0.493551299,0.375,2,2,1,0.25,2,5,1,1,1,0,1
0.5819604496,0.6666666667,1,1,1,0,2,1,1,1,0,1,1
0.8115800396,0.9,9,10,9,0,10,10,9,1,0.4285714286,0.75,1
0.9620213679,1,8,7,7,1,8,8,7,1,0,1,1
0.2562010065,0,0,0,0,0,0,2,2,0,1,0,1
0.7573200166,1,4,4,2,0.5,4,4,2,1,0.3333333333,1,1
0.6803327948,0.5,1,2,2,1,2,5,2,1,1,1,1
0.3641494401,0.25,1,2,0,0.75,2,2,1,0,0.5,1,1
0.4197291195,0.2,1,1,1,0.4,2,2,1,1,0.3333333333,0,1
0.9031703472,1,5,5,5,0,5,5,5,1,0.25,0.3333333333,1
0.5810149014,0.5,1,1,1,0,1,1,1,1,0,0,1
0.3572296898,0.3333333333,2,2,0,0,0,2,2,0,1,1,1
0.6965663092,0.7142857143,2,2,2,0.7142857143,6,5,5,1,0.25,1,1
0.5714562635,0.3333333333,1,1,1,0,1,1,1,1,1,0,1
0.5420122941,0.6666666667,1,1,1,0.6666666667,1,1,1,1,1,1,1
0.8152481019,1,2,2,2,0,2,2,2,1,0,0,1
0.2593298803,0,0,1,0,0.3333333333,1,4,5,1,1,1,1
0.3938506444,0.1666666667,1,1,7,0.6666666667,1,2,12,1,0.5,0.5,1
0.2356828426,0,0,0,0,0.1666666667,0,1,1,0,0,0,1
0.2710851431,0,0,1,0,0,2,2,1,0,0,0,1
0.5319924454,0.5,2,2,1,0.3333333333,1,3,1,1,0.5,0.6666666667,1
0.4188847776,0.2857142857,3,2,1,0.3428571429,7,29,9,0,0.5,0.1111111111,1
0.7847736478,1,1,1,1,0,1,1,1,1,0.5,0,1
0.4490675181,0.3125,3,4,1,0.5625,6,13,8,1,0.1428571429,0.25,1
0.4160374366,0.25,3,4,1,0.125,7,8,3,1,0.5,0.25,1
0.3907322367,0.06666666667,0,6,1,0.1333333333,14,14,17,1,0.375,0,1
0.499791859,0.3684210526,2,2,5,0,2,18,12,1,0,0,1
0.1966256648,0,0,0,0,0,0,1,1,0,0,0,1
0.6718581766,0.5,1,1,1,0.5,1,1,1,1,0,0,1
0.5018873785,0.5609756098,6,5,1,0.2926829268,37,47,18,1,0.4666666667,0.08333333333,1
0.8660208821,1,4,4,5,0,4,4,5,1,0,1,1
0.3722111108,0,0,0,0,0.4375,0,7,4,1,0.5,0,1
0.1966371785,0,0,0,0,0,0,6,2,0,0.3333333333,0.5,1
0.4994104008,0.3333333333,1,1,1,0,1,3,1,1,0,0,1
0.9152626693,1,2,2,2,0,2,2,1,1,1,1,1
0.8550169865,1,2,2,2,0.6666666667,4,3,2,1,0,0.5,1
0.5099330495,0.6666666667,1,1,0,0,0,1,1,0,1,1,1
0.8708968759,1,2,2,2,0,4,3,2,1,0,1,1
0.6059589535,0.5,3,3,3,0,9,11,4,1,0.6,0.2,1
0.4833795577,0.3333333333,1,1,1,0,3,1,1,1,0,0,1
0.6115709416,0.8571428571,2,2,6,0,13,11,6,1,0.6,0.75,1
0.7379759337,0.7142857143,5,5,2,0,12,11,4,1,0,1,1
0.4252609015,0,0,0,0,1,0,2,1,0,1,0,1
0.5754443556,0.6428571429,6,6,1,0.7142857143,6,15,7,1,0.1666666667,0.8,1
0.9194110334,1,2,2,2,1,4,3,2,1,1,1,1
0.3763332094,0.3333333333,1,1,1,0.3333333333,1,3,1,1,0,0,1
0.3127516302,0.09090909091,1,3,1,0.3636363636,3,6,4,1,0.5,0.5,1
0.7208052874,1,1,1,1,0.5,1,1,1,1,1,0,1
0.8030306399,1,3,3,3,0.75,3,3,3,1,1,1,1
0.3752831012,0.2,1,1,1,0,1,1,1,1,0,0,1
0.5198958913,0.6666666667,0,0,0,0,0,1,1,1,0.5,0,1
0.7066698968,1,2,2,1,0,3,2,1,1,1,0,1
0.7489961386,1,3,3,2,0,4,3,2,1,1,0.5,1
0.5652662714,1,1,1,1,0.3333333333,1,1,1,1,0,0,1
0.507836014,0.4285714286,3,3,4,0.5714285714,3,3,4,1,0,0.25,1
0.5296662152,0.2857142857,2,2,2,0,2,3,2,1,0.4,0.4,1
0.2157923877,0,0,0,0,0,0,1,1,0,0,0,1
0.8658127189,1,2,2,2,0,2,2,2,1,0,1,1
0.6468334794,0.5,2,2,1,0.5,3,3,1,1,0,0,1
0.6256561081,0.6666666667,2,2,2,0,2,2,2,1,0,0.5,1
0.9395974278,1,4,4,4,0,4,5,4,1,0,0.6666666667,1
0.7808948755,1,3,2,1,0,3,3,2,1,0,0,1
0.9010664026,1,3,3,2,0,3,3,2,1,0,1,1
0.5685306673,0.5384615385,4,5,3,0.4615384615,5,8,4,1,0.3333333333,0.6666666667,1
0.6314063354,0.5555555556,5,5,4,0,9,8,4,1,0.5714285714,0.5,1
0.5070302486,0.5,3,3,3,0,3,4,3,1,0.25,0.5,1
0.9051515162,1,2,2,2,1,2,2,2,1,1,1,1
0.5020684637,0.5,1,1,1,0,2,1,1,1,0,0,1
0.8821620226,1,5,5,5,1,10,9,5,1,0,1,1
0.5835276445,0.5,2,2,2,0.3333333333,2,2,2,1,0.6666666667,0.6666666667,1
0.6588746735,0.8571428571,2,2,2,0.2857142857,2,3,13,1,0.3333333333,0.6666666667,1
0.9105378787,1,3,3,3,0,3,3,3,1,0.5,1,1
0.2990129143,0,0,0,0,0,0,1,1,0,1,0,1
0.7936326834,0.9090909091,7,7,5,0,7,7,5,1,0.4,0.5714285714,1
0.471680214,0.6666666667,3,2,0,0,3,3,1,0,0,0,1
0.3182532668,0.2,1,1,1,0,1,1,1,1,0,0,1
0.8434490383,0.8,4,5,4,0,9,8,4,1,0,0.3333333333,1
0.477262434,0.3333333333,3,3,3,0.1111111111,3,3,3,1,0.6,0.5,1
0.7024557392,0.5,3,3,3,0,8,7,4,1,0.6666666667,1,1
0.94571805,1,3,3,3,0,6,5,3,1,0,0,1
0.8678377469,1,2,2,3,0.3333333333,10,9,3,1,0.25,1,1
0.8504044712,1,4,4,9,1,4,5,9,1,1,0.5,1
0.8755798638,1,1,1,2,0,1,1,2,1,1,0,1
0.5459470923,0.75,0,0,0,0.25,0,4,3,1,0.75,0,1
0.4119726483,0.2702702703,4,4,1,0.2702702703,10,17,8,1,0.4285714286,0,1
0.65243195,0.5,1,1,1,0,1,1,1,1,0,1,1
0.3545559421,0.1538461538,2,3,2,0.3076923077,3,4,3,1,0.125,0,1
0.6709732413,0.8461538462,6,6,0,0,6,6,1,1,0.8,1,1
0.4789912403,0,0,0,0,0,0,1,1,0,0,0,1
0.4167149564,0.1666666667,1,1,0,0.1666666667,1,2,1,1,0.3333333333,0.6666666667,1
0.8404681385,1,1,1,0,0,1,1,1,1,1,1,1
0.6166155934,0.6666666667,1,1,0,0.6666666667,1,1,2,1,0,1,1
0.5393518209,1,2,1,0,0,2,2,1,0,0,0,1
0.637896503,0.6666666667,2,2,0,0,2,3,2,1,0,0.75,1
0.2956497073,0,0,0,0,0,0,1,1,1,1,1,1
0.854218781,1,1,1,1,1,1,1,1,1,1,1,1
0.9406799078,1,1,1,0,0,1,1,1,1,0,1,1
0.4018978775,0,0,0,0,1,0,1,1,0,0,0,1
0.7119890451,1,7,6,3,0,5,7,3,1,0.6666666667,1,1
0.613906016,0.3333333333,1,1,1,0.3333333333,1,1,1,1,1,0,1
0.8521929234,1,4,4,4,1,4,4,4,1,0.5,1,1
0.9870557785,1,1,1,1,0,1,1,1,1,1,1,1
0.8504125774,1,2,2,2,1,2,2,2,1,0.5,1,1
0.6933530271,1,1,1,0,0.5,1,1,1,1,0,1,1
0.6930677891,1,1,1,1,0.6666666667,2,1,1,1,1,1,1
0.9683048725,1,1,1,1,1,1,1,1,1,0,1,1
0.9126690626,1,1,1,1,1,1,1,1,1,1,1,1
0.9650895596,1,1,1,1,1,1,1,1,1,1,1,1
0.5983166695,1,0,0,0,0,0,1,1,0,1,1,1
0.6182629764,0.5,1,1,1,1,1,1,1,1,0,0.5,1
0.8402607441,1,1,1,1,1,1,1,1,1,0,1,1
0.7152578056,0.8,3,3,2,0.6,3,3,2,1,0.3333333333,0.6666666667,1
0.4982160032,0,0,0,1,1,0,1,1,0,1,1,1
0.6006037957,0.6666666667,5,5,1,0.2222222222,5,5,1,1,0.5,0.8333333333,1
0.5714001987,0.5555555556,1,1,1,0.2222222222,1,4,1,1,0.4,0.8,1
0.8428019285,1,1,1,1,0,3,2,1,1,1,1,1
0.5918783673,0.7142857143,4,4,0,0.4285714286,4,5,3,1,0,0.5,1
0.6877304763,0.5,1,1,0,0.5,1,1,1,1,0,1,1
0.6080331405,0.6666666667,1,1,0,0,1,1,1,1,1,1,1
0.5003212094,1,0,0,0,0,0,1,1,1,0,0,1
0.5608552694,0.6666666667,1,1,1,0.3333333333,1,2,2,1,1,1,1
0.7118918896,1,1,1,1,0,1,1,1,1,1,1,1
0.9426110983,1,1,1,1,1,1,1,1,1,0,1,1
0.6654000531,0.8333333333,2,2,2,0.1666666667,2,2,2,1,0.5,0.6666666667,1
0.745546639,1,1,1,0,1,1,1,1,1,0,1,1
0.6096234407,1,0,0,3,0,0,1,3,1,0.25,0.75,1
0.9081379771,1,1,1,1,1,1,1,1,1,1,1,1
0.9655665755,1,1,1,1,1,1,1,1,1,1,1,1
0.696919322,0.5,1,1,1,0,1,1,1,1,0,1,1
0.4600177824,0.4,0,0,0,0.6,0,1,2,1,0.5,0.5,1
0.5254976253,0.3333333333,1,1,3,0,1,1,3,1,0.5,1,1
0.6758212447,1,1,1,1,1,2,1,1,1,1,1,1
0.5408462644,0.6,3,3,3,0,3,3,3,1,0.4,0.75,1
0.907568574,1,1,1,0,0,1,1,1,1,0,1,1
0.8854173621,1,3,3,3,1,3,3,3,1,0,1,1
0.8001282215,1,1,1,1,0,1,1,1,1,0,1,1
0.7233886719,1,2,2,0,0,2,2,2,1,1,1,1
0.4594377875,0,0,0,0,0,0,1,1,0,0,0,1
0.7227027118,1,2,2,2,1,2,4,3,1,0,1,1
0.8001331687,1,2,2,1,0,2,2,1,1,0,1,1
0.5069502294,0.5,1,1,0,0,1,1,1,1,1,1,1
0.6019203332,0.5555555556,5,5,5,0.7777777778,5,5,6,1,0.2,0.8,1
0.9411341548,1,1,1,0,0,1,1,1,1,1,1,1
0.9484558702,1,1,1,0,0,1,1,1,1,0,1,1
0.5781062841,0.5,1,1,1,0,1,1,2,1,0,0.5,1
0.4841294587,0,0,0,0,1,0,1,1,0,1,0,1
0.4522557656,0.3333333333,1,1,0,0,1,1,1,1,1,1,1
0.7240516543,1,2,2,2,1,2,2,2,1,0,1,1
0.4940444529,0.5,0,0,0,0,0,1,1,1,1,1,1
0.6272661239,0.75,1,1,1,0.5,3,2,2,1,0.3333333333,0.6,1
0.7494097352,1,2,2,2,1,2,2,2,1,0,1,1
0.9529883862,1,1,1,1,1,1,1,1,1,1,1,1
0.6326664686,0.5,1,1,1,1,1,1,1,1,1,1,1
0.638327226,0.5,1,1,0,0,1,1,1,1,0,1,1
0.7693094526,1,5,5,0,1,5,6,6,1,0,0.75,1
0.5146764517,1,0,0,0,0,0,1,1,0,1,1,1
0.7313056886,0.6666666667,2,2,0,0,2,2,1,1,0,1,1
0.5532138571,0.5,2,2,0,0.25,2,3,2,1,0.5,1,1
0.5036127423,0.48,10,10,6,0.28,10,10,6,1,0.2142857143,0.3571428571,1
0.9407298565,1,1,1,0,0,1,1,1,1,0,1,1
0.6932807267,1,1,1,1,0.25,1,1,1,1,0.5,0.5,1
0.8855506778,1,1,1,1,1,2,1,1,1,0,1,1
0.912764132,1,1,1,1,1,1,1,1,1,1,1,1
0.7007800043,1,1,1,0,0.5,1,1,1,1,1,1,1
0.3061271757,0,0,0,0,1,0,1,2,1,0,0,1
0.6750020981,0.6666666667,2,3,6,1,6,5,6,1,0.3333333333,1,1
0.4195861816,0,0,0,0,1,0,1,1,0,0,1,1
0.6233316809,0.5,1,1,1,0,1,1,1,1,1,1,1
0.8653454781,1,0,0,1,1,0,1,1,1,0,1,1
0.8546831608,1,1,1,1,0,1,1,1,1,0,1,1
0.8578728537,1,5,5,6,1,5,5,6,1,0,1,1
0.7924661934,1,2,2,0,0,2,2,1,1,0,1,1
0.7831807534,1,2,2,2,0.6666666667,2,2,2,1,0.5,1,1
0.6005800441,0.5,1,1,1,0,1,2,1,1,0.3333333333,0.6666666667,1
0.498693645,0.6666666667,0,0,0,1,0,1,1,1,0,0,1
0.7252902653,1,6,6,5,0.5555555556,6,6,5,1,0,0.6666666667,1
0.4694128903,0.3636363636,3,3,0,0,2,6,4,1,0.375,0.8571428571,1
0.72014606,1,1,1,1,0,1,1,1,1,0,1,1
0.8543562293,1,1,1,1,0,1,1,1,1,1,1,1
0.8463478684,1,1,1,0,1,2,1,1,1,1,0,1
0.8911940455,1,1,1,1,0,2,1,1,1,0,1,1
0.9796999097,1,2,2,2,1,2,2,2,1,0,1,1
0.7437339822,1,3,3,0,0.3333333333,3,3,1,1,0,1,1
0.8066774607,0.6666666667,4,4,4,0.6666666667,4,4,4,1,0,1,1
0.2047261495,0.1428571429,1,1,1,0.8571428571,1,1,5,1,0.25,0.3333333333,1
0.4959433004,0.5,1,1,1,0,2,1,1,1,1,1,1
0.5528435409,0.5,1,1,1,0,2,2,1,1,0,1,1
0.8294282079,1,5,5,5,1,10,10,5,1,0,1,1
0.4951298846,0.347826087,6,7,4,0.1739130435,10,28,5,1,0.5454545455,0.4444444444,1
0.578915453,0.6,1,1,1,0.6,1,1,1,1,1,0.5,1
0.4243243989,0.25,1,1,1,0.25,2,1,1,1,1,0,1
0.5861423016,0.7,3,4,3,0.3,14,13,4,1,0.4,1,1
0.5315876067,0.6,2,2,2,0.8,0,2,3,0,0,0,1
0.5021637504,0.5833333333,1,1,1,0.25,1,3,1,1,0.1428571429,0.8,1
0.7924443185,1,6,6,5,0.1666666667,6,6,5,1,0,0.4,1
0.4857489854,0.4,1,1,2,0.2,1,1,2,1,1,0.5,1
0.3525107351,0.3333333333,2,7,2,0.1111111111,9,23,2,1,0.375,0.5,1
0.4034869483,0.1052631579,1,2,1,0,2,12,1,1,0,0.1666666667,1
0.4349101745,0.2,4,4,4,0.8,4,5,13,1,0.625,0.125,1
0.4456732661,0.6666666667,2,2,2,0.1666666667,9,10,2,1,0.7142857143,0.25,1
0.452424132,0.5833333333,1,1,1,0.1666666667,8,9,1,1,0.625,0.2,1
0.8147086501,1,3,3,3,0,6,5,3,1,0.5,1,1
0.5313230395,0.6,1,1,1,0,1,3,1,1,0.3333333333,0.3333333333,1
0.5331390798,0.3333333333,1,1,1,0,2,1,1,1,0,1,1
0.638136968,0.5,1,1,1,0,1,1,1,1,0,0,1
0.2767318431,0,0,1,0,0,4,11,5,0,0,0,1
0.4032492004,0.125,1,1,1,0.25,1,2,1,1,0.3333333333,0.3333333333,1
0.4148317896,0.2,1,3,1,0,1,23,1,1,0.3333333333,0.1666666667,1
0.4659328014,0.2631578947,3,4,5,0.2631578947,4,9,12,1,0.2222222222,0.1666666667,1
0.383445209,0.1538461538,1,2,0,0.1923076923,2,4,2,1,0.25,0.1,1
0.7443036065,0.75,3,3,3,0,6,5,4,1,0.6666666667,1,1
0.5086159557,0.5,0,0,0,0,0,1,1,1,1,0,1
0.4696441069,0.4166666667,1,2,0,0,2,4,1,1,0.5,0.25,1
0.6046910336,0.5,3,3,3,0,3,3,3,1,0,0.5,1
0.3279622098,0,0,0,0,0,0,1,1,1,1,0,1
0.4583551983,0.3333333333,1,1,1,0.3333333333,2,1,1,1,1,1,1
0.5788550973,1,2,2,2,0,2,2,2,1,0.75,0.3333333333,1
0.7755717834,1,2,2,3,0,2,3,1,1,1,1,1
0.5664295629,0.75,2,2,1,0.5,3,2,1,1,0.5,1,1
0.6324994809,0.5,6,6,7,0,12,24,18,1,0.4285714286,0.8571428571,1
0.3862814655,0.1666666667,0,0,0,0.3333333333,0,1,1,1,0.5,0,1
0.2548885089,0,0,1,1,0.7777777778,1,10,9,0,0.5,0.125,1
0.4723774195,0.5,0,0,0,1,1,1,1,1,0,0,1
0.3930281741,0.1428571429,1,1,1,0,2,3,1,1,0,0,1
0.4825798683,0.5,1,1,1,0,1,1,1,1,0,0,1
0.5014661451,0.3333333333,1,1,1,0,1,1,1,1,1,1,1
0.4726048522,0.25,1,1,0,0,1,1,1,1,0,0.5,1
0.6934945583,0.6666666667,1,1,3,1,1,2,3,1,1,1,1
0.6199333556,0.75,6,6,1,0.625,5,6,5,1,0,0.3333333333,1
0.6503826479,0.5,3,3,3,0,3,3,5,1,1,1,1
0.3197922817,0.3,1,1,0,0.1,1,11,5,1,0.6,0.6,1
0.3334440882,0.125,1,1,1,0.25,1,1,1,1,0,0.25,1
0.7094414731,0.6666666667,2,2,2,1,2,2,2,1,0,0,1
0.7198343873,1,1,1,1,0.5,1,1,1,1,0,1,1
0.5265889168,0.5,1,1,0,0,1,2,1,1,1,0,1
0.6744028926,0.5,1,1,1,0,2,1,1,1,1,1,1
0.4359930721,0.2222222222,1,2,1,0.1111111111,3,2,1,1,0.5,0.5,1
0.9453953803,1,2,2,2,1,4,3,2,1,0,0,1
0.4923492298,0.5,1,1,1,0,1,1,6,1,0.5,0.5,1
0.4022114975,0.1818181818,1,4,0,0,4,29,9,0,0.3333333333,0,1
0.440793606,0.2631578947,0,0,0,0,2,3,5,1,0.125,0.1428571429,1
0.793384095,1,1,1,1,0,1,1,1,1,1,1,1
0.4889025353,0.375,2,2,2,0,2,5,5,1,0.2,0.5,1
0.9554538925,1,4,3,3,0,4,4,1,1,0.5,1,1
0.470790565,0.4,1,1,1,0.4,2,1,1,1,0.5,0,1
0.4451853509,0.25,0,0,2,0,0,1,2,1,0.4285714286,0,1
0.6414420651,0.7692307692,4,5,10,0.7692307692,5,7,10,1,0.6,0.6666666667,1
0.6390774796,0.5833333333,4,4,8,0.5,4,5,10,1,0,0.6,1
0.4104607943,0.125,1,3,1,0.125,5,6,1,1,0.6666666667,0.5,1
0.7033809225,0.6666666667,2,1,3,1,2,2,5,1,1,1,1
0.4164553525,0.3333333333,0,1,0,0.2777777778,4,32,1,0,0.125,0,1
0.5501185171,0.75,1,1,2,0,1,1,2,1,0,0,1
0.9007614255,1,2,2,2,0,3,2,2,1,1,0,1
0.6263519724,0.6666666667,2,2,1,0,9,4,1,1,1,1,1
0.5132954396,0.6923076923,1,1,0,0.1538461538,1,4,1,1,0,0,1
0.7432221987,0.9090909091,12,9,9,0.8181818182,12,12,13,1,0.1111111111,0.8571428571,1
0.6822266057,1,3,3,5,0.75,3,3,7,1,0.3333333333,0.5,1
0.3807561994,0,0,0,0,0.5,0,1,1,0,1,0,1
0.482129246,0.3333333333,1,1,1,0,1,1,1,1,0,0,1
0.9358844757,1,2,2,2,1,2,2,2,1,0,1,1
0.5749509856,0.5,1,1,1,0,1,1,1,1,1,1,1
0.549993366,0.3333333333,1,3,1,0.3333333333,2,1,1,1,0,0,1
0.5084500329,0.5555555556,1,1,1,0.2222222222,1,3,1,1,0.3333333333,0.3333333333,1
0.4465673119,0.5,0,0,0,0,0,2,2,0,0,0,1
0.2604917318,0,0,0,0,0.4,0,1,2,0,0.6,0.25,0
0.364349092,0,0,0,0,0.4166666667,0,1,1,0,0.5,0,0
0.1660087542,0,0,0,0,0.09090909091,0,1,1,0,0.75,0,0
0.5989821106,1,3,3,0,0,0,3,2,0,0,0,0
0.3635186255,0,0,0,0,0.3333333333,0,1,1,0,0,0,0
0.2071304036,0,0,1,0,0.1666666667,1,2,1,0,0,0,0
0.2597820175,0,0,1,0,0,0,2,1,0,0.5,0,0
0.3583835512,0,0,0,0,0.5,0,1,1,0,0,0,0
0.4500224574,0.5555555556,0,1,0,0.2222222222,0,11,2,0,0.75,0,0
0.262857004,0,0,0,0,0,0,1,1,0,0.8333333333,0,0
0.262857004,0,0,0,0,0,0,1,1,0,1,0,0
0.3928199336,0.2222222222,0,0,0,0.4444444444,0,1,2,0,1,0,0
0.1088218167,0,0,0,0,0.4,0,1,1,0,0,0,0
0.3900912338,0,0,0,0,0.1111111111,0,1,2,1,0.75,0,0
0.3095018374,0,0,0,0,0.2857142857,0,7,12,0,0.6,0,0
0.172534531,0,0,0,0,0.25,0,1,1,0,1,0,0
0.1188973598,0,0,0,0,0.3333333333,0,1,1,0,0.5,0,0
0.318603158,0,0,0,0,0,0,1,1,0,0,0,0
0.318603158,0,0,0,0,0,0,1,1,0,0,0,0
0.2564539399,0,0,0,0,0.07692307692,0,3,1,0,0,0,0
0.2513615549,0,0,0,0,0.4,0,1,1,0,0,0,0
0.4537712157,0.4,0,0,0,0.4,0,1,2,0,0,0,0
0.3071846391,0,0,0,0,0.25,0,2,3,0,1,0,0
0.4049890808,0.07142857143,0,0,1,0.3571428571,0,3,3,0,0.8,0,0
0.4061694294,0.1666666667,1,1,0,0,0,1,1,0,0,0,0
0.3469338814,0,0,0,0,0,0,1,1,0,1,0,0
0.2645641863,0,0,0,0,0,0,1,1,0,0,0,0
0.3091531495,0.3333333333,0,0,0,0.6666666667,0,1,1,0,0,0,0
0.4535041622,0.2857142857,0,0,0,0.4285714286,0,4,2,0,1,0,0
0.3815985173,0.2307692308,0,0,0,0.07692307692,0,5,2,0,0.1666666667,0,0
0.5585979223,1,0,0,0,0.5,0,2,1,1,1,0,0
0.2709503317,0.04166666667,0,0,0,0.375,0,12,8,0,0.625,0,0
0.2709503317,0.04166666667,0,0,0,0.375,0,12,8,0,0.625,0,0
0.2709503317,0.04166666667,0,0,0,0.375,0,12,8,0,0.625,0,0
0.2678971638,0,0,1,0,0.3333333333,0,4,1,0,0.375,0,0
0.5203182677,0.6,0,0,0,0.2,0,5,3,1,1,0,0
0.3288669011,0,0,0,0,0,0,3,2,0,0,0,0
0.5184224546,0.3333333333,0,0,0,0.6666666667,0,8,1,0,1,0,0
0.2515864209,0,0,0,0,0.1666666667,0,1,2,0,0.2857142857,0,0
0.3100380508,0.1333333333,0,0,0,0.4,0,5,11,1,0.8,0.25,0
0.2475200444,0,0,0,0,0.2777777778,0,4,5,0,0.5,0,0
0.3355130156,0,0,0,0,0.3333333333,0,3,1,0,0,0,0
0.6652871668,0.5,1,1,1,0.5,1,1,1,1,0,1,0
0.4581113358,0.5,0,0,0,0,0,1,1,1,0,0,0
0.3577494174,0,0,0,0,0,0,1,1,0,0,0,0
0.2780813432,0,0,0,0,0.4193548387,0,12,4,0,0.07142857143,0,0
0.4311294655,0,0,0,0,0,0,3,2,1,0,0,0
0.4649612308,0.3181818182,1,1,3,0.2272727273,1,3,5,1,0.1875,0.09090909091,0
0.1956242316,0,0,0,0,0.2666666667,0,1,1,0,0,0,0
0.1956242316,0,0,0,0,0.2666666667,0,1,1,0,0,0,0
0.3441682858,0.08333333333,0,0,0,0,0,8,1,0,0.25,0,0
0.1693387677,0,0,0,0,0,0,1,1,0,0,0,0
0.5137516875,0.4375,1,1,1,0.0625,1,7,2,1,0.25,0,0
0.2766956538,0.07692307692,0,1,0,0.4615384615,2,6,2,0,0,0,0
0.3054439351,0,0,0,0,0.5,0,1,1,0,0,0,0
0.2732632235,0,0,0,0,0,0,1,1,0,0,0,0
0.2696697703,0,0,0,0,0,0,15,7,0,0,0,0
0.2064651663,0.1,1,3,0,0.1,3,5,2,0,0,0,0
0.1078744596,0,0,0,0,0.6,0,1,1,0,0,0,0
0.1078744596,0,0,0,0,0.6,0,1,1,0,0,0,0
0.308290945,0.1,0,3,0,0,9,4,1,1,0.25,0.3333333333,0
0.1926878212,0,0,0,0,0.1666666667,0,6,1,0,0,0,0
0.2522352661,0,0,0,0,0.1666666667,0,1,1,0,0.25,0,0
0.2522352661,0,0,0,0,0.1666666667,0,1,1,0,0.25,0,0
0.3018387184,0,0,0,0,0,1,1,1,0,0.6666666667,0,0
0.3225602746,0,0,0,0,0.4,0,1,1,0,0,0.5,0
0.2799559087,0,0,0,0,0.5,0,1,1,0,0,0,0
0.2799559087,0,0,0,0,0.5,0,1,1,0,0,0,0
0.4709653133,0.5,2,2,2,0.6666666667,13,11,7,1,0.3333333333,0.2857142857,0
0.4709653133,0.5,2,2,2,0.6666666667,13,11,7,1,0.3333333333,0.2857142857,0
0.1915179919,0,0,0,0,0,0,1,1,0,0.5,0,0
0.1838717982,0,0,0,0,0.5,0,1,1,0,0,0,0
0.4615427499,0.3636363636,4,8,0,0,0,12,9,0,0.5,0.3333333333,0
0.411864683,0,0,2,0,0,0,3,5,0,0.5,0,0
0.3909161596,0.2222222222,0,2,2,0,2,15,26,0,0.75,0,0
0.4437467022,0,0,0,1,0.1818181818,1,9,10,0,0,0,0
0.4595315307,0.07142857143,0,6,18,0.07142857143,18,31,43,1,0.5,0.5,0
0.4048706988,0,0,0,0,0.7777777778,0,16,14,0,0.3333333333,0,0
0.4242408474,0.3333333333,0,0,0,0,0,6,6,0,0.3333333333,0.3333333333,0
0.3362657974,0,0,0,0,0.6666666667,0,10,5,0,0.5,0,0
0.4826749729,0.4444444444,0,2,0,0,4,47,22,0,0.8,0.2,0
0.2614087195,0,0,0,0,0.8333333333,0,2,15,0,0,0,0
0.3066806018,0,0,2,2,0,2,4,9,0,0.3333333333,0,0
0.3742286325,0,0,2,2,0.6,6,18,9,1,0.75,0.75,0
0.3904366894,0.2307692308,0,0,0,0.3846153846,3,15,13,0,0,0,0
0.3944497655,0,0,2,2,1,2,6,21,0,0.6666666667,0,0
0.3864481254,0.3846153846,0,0,2,0,0,43,47,0,0.3333333333,0.4,0
0.4093601722,0.4375,5,7,19,0.6875,14,43,56,1,0.2,0.4,0
0.3269305928,0,0,0,0,0.6923076923,0,5,15,0,0.25,1,0
0.3712965343,0,0,5,0,0.5625,4,37,41,0,0.6,0,0
0.3953813076,0.4,8,8,12,0.4,16,36,26,1,1,0.5,0
0.3992302194,0.125,0,5,5,1,16,46,30,0,0.5,0,0
0.2817084417,0,0,0,0,0.5,0,4,4,0,0.5714285714,0.5,0
0.3767200013,0,0,0,0,0.3333333333,0,3,5,0,0,0.3333333333,0
0.3549435437,0,0,0,0,0,0,1,1,0,1,0,0
0.2009898201,0,0,0,0,0.5,0,4,6,0,0.5,1,0
0.273354872,0,0,0,0,1,0,14,10,0,0,0,0
0.3055612028,0,0,0,0,0,0,17,9,0,0,0,0
0.4563802403,0.3333333333,0,0,0,0.3333333333,8,77,28,0,0.8,0.8,0
0.5417323623,0.8571428571,4,2,0,0.8571428571,8,23,24,1,0.4,0.4,0
0.3573420846,0,0,0,0,0,10,25,8,0,0.75,0,0
0.4306217987,0.2727272727,0,6,4,0,17,76,41,0,0.4285714286,0.3333333333,0
0.2794209973,0,0,7,15,0.4117647059,11,21,31,1,0.5,0,0
0.2596399151,0,0,2,0,0.5,4,12,12,0,0,0,0
0.432940598,0,0,0,0,0.5714285714,0,14,4,0,0.6666666667,1,0
0.4908415616,0.4,4,6,0,0.6,0,13,10,0,0,0,0
0.5483242869,0.5,2,2,0,0.75,2,27,7,0,1,0,0
0.3162728765,0.04166666667,0,2,1,0.4583333333,5,25,15,1,1,0.5,0
0.4739434536,0.1538461538,2,2,2,0.8461538462,4,14,18,0,1,0.6666666667,0
0.452796506,0.5714285714,0,0,0,0.1428571429,0,9,8,0,0.5,0.25,0
0.4411042134,0.25,0,2,4,0,6,31,15,0,1,0,0
0.634704411,1,0,0,3,0,6,9,5,0,0,1,0
0.2511926649,0,0,0,0,0,0,13,1,0,0,0,0
0.2753017728,0,0,0,0,0.1538461538,0,5,4,0,0.4,0.4,0
0.3403053787,0,0,1,1,0.5,1,4,6,0,0.25,1,0
0.3160717317,0,0,0,0,0,0,3,3,0,0.5,0,0
0.3238540621,0,0,7,2,0.8333333333,9,18,11,0,0.25,0.5,0
0.4238579306,0.3888888889,0,2,2,0.5,2,3,11,0,0.6,0,0
0.2918240162,0,0,8,4,0,8,25,22,0,0.5,0.5,0
0.5474485755,1,0,0,0,1,0,7,4,0,1,0,0
0.4741402141,0.2857142857,2,2,0,0.5714285714,4,23,15,0,0.75,0,0
0.4605946779,0.5,5,5,11,0,16,29,33,1,0.6,0,0
0.3158619106,0,0,0,0,0,0,2,3,0,1,1,0
0.2917042971,0,0,0,0,0,0,2,2,0,0,0,0
0.3976629284,0,0,0,1,0.3793103448,0,13,10,0,0,0,0
0.5066605695,0.125,0,0,0,0.625,0,9,7,0,1,0,0
0.4024577439,0,0,4,12,0.5555555556,4,19,30,0,0,0,0
0.4615427499,0.3636363636,4,8,0,0,0,12,9,0,0.5,0.3333333333,0
0.411864683,0,0,2,0,0,0,3,5,0,0.5,0,0
0.3909161596,0.2222222222,0,2,2,0,2,15,26,0,0.75,0,0
0.4437467022,0,0,0,1,0.1818181818,1,9,10,0,0,0,0
0.4595315307,0.07142857143,0,6,18,0.07142857143,18,31,43,1,0.5,0.5,0
0.4048706988,0,0,0,0,0.7777777778,0,16,14,0,0.3333333333,0,0
0.4242408474,0.3333333333,0,0,0,0,0,6,6,0,0.3333333333,0.3333333333,0
0.3362657974,0,0,0,0,0.6666666667,0,10,5,0,0,0,0
0.4826749729,0.4444444444,0,2,0,0,4,47,22,0,0.8,0,0
0.2614087195,0,0,0,0,0.8333333333,0,2,15,0,0,0,0
0.3066806018,0,0,2,2,0,2,4,9,0,0.3333333333,1,0
0.3742286325,0,0,2,2,0.6,6,18,9,1,0.75,0.75,0
0.3904366894,0.2307692308,0,0,0,0.3846153846,3,15,13,0,0,0,0
0.3944497655,0,0,2,2,1,2,6,21,0,0.3333333333,0,0
0.3864481254,0.3846153846,0,0,2,0,0,43,47,0,0.1666666667,0.4,0
0.4093601722,0.4375,5,7,19,0.6875,14,43,56,1,0.4,0.4,0
0.3269305928,0,0,0,0,0.6923076923,0,5,15,0,0.25,1,0
0.3712965343,0,0,5,0,0.5625,4,37,41,0,0.6,0,0
0.3953813076,0.4,8,8,12,0.4,16,36,26,1,1,0.5,0
0.3992302194,0.125,0,5,5,1,16,46,30,0,0.5,0.5,0
0.2817084417,0,0,0,0,0.5,0,4,4,0,0.4285714286,0.5,0
0.3767200013,0,0,0,0,0.3333333333,0,3,5,0,0,0.3333333333,0
0.3549435437,0,0,0,0,0,0,1,1,0,0.75,0,0
0.2009898201,0,0,0,0,0.5,0,4,6,0,0.5,1,0
0.273354872,0,0,0,0,1,0,14,10,0,0,0,0
0.3055612028,0,0,0,0,0,0,17,9,0,0,0,0
0.4563802403,0.3333333333,0,0,0,0.3333333333,8,77,28,0,0.6,0.8,0
0.5417323623,0.8571428571,4,2,0,0.8571428571,8,23,24,1,0.4,0.4,0
0.3573420846,0,0,0,0,0,10,25,8,0,0.5,0,0
0.4306217987,0.2727272727,0,6,4,0,17,76,41,0,0.7142857143,0.3333333333,0
0.2794209973,0,0,7,15,0.4117647059,11,21,31,1,0.75,0,0
0.2596399151,0,0,2,0,0.5,4,12,12,0,0,0,0
0.432940598,0,0,0,0,0.5714285714,0,14,4,0,0.6666666667,1,0
0.4908415616,0.4,4,6,0,0.6,0,13,10,0,0,0,0
0.5483242869,0.5,2,2,0,0.75,2,27,7,0,1,0,0
0.3162728765,0.04166666667,0,2,1,0.4583333333,5,25,15,1,1,0.5,0
0.4739434536,0.1538461538,2,2,2,0.8461538462,4,14,18,0,1,0.6666666667,0
0.452796506,0.5714285714,0,0,0,0.1428571429,0,9,8,0,0.5,0.25,0
0.4411042134,0.25,0,2,4,0,6,31,15,0,1,0,0
0.634704411,1,0,0,3,0,6,9,5,0,0,0,0
0.2511926649,0,0,0,0,0,0,13,1,0,0,0,0
0.2753017728,0,0,0,0,0.1538461538,0,5,4,0,0.4,0.4,0
0.3403053787,0,0,1,1,0.5,1,4,6,0,0.25,1,0
0.3160717317,0,0,0,0,0,0,3,3,0,0.5,0,0
0.3238540621,0,0,7,2,0.8333333333,9,18,11,0,0.5,0.5,0
0.4238579306,0.3888888889,0,2,2,0.5,2,3,11,0,0.6,0,0
0.2918240162,0,0,8,4,0,8,25,22,0,0.5,0.5,0
0.5474485755,1,0,0,0,1,0,7,4,0,1,0,0
0.4741402141,0.2857142857,2,2,0,0.5714285714,4,23,15,0,0.75,0,0
0.4605946779,0.5,5,5,11,0,16,29,33,1,0.6,0,0
0.3158619106,0,0,0,0,0,0,2,3,0,1,1,0
0.2917042971,0,0,0,0,0,0,2,2,0,0,0,0
0.3976629284,0,0,0,1,0.3793103448,0,13,10,0,0.2,0,0
0.5066605695,0.125,0,0,0,0.625,0,9,7,0,1,0,0
0.4024577439,0,0,4,12,0.5555555556,4,19,30,0,0,0,0
0.4615427499,0.3636363636,4,8,0,0,0,12,9,0,0.5,0.3333333333,0
0.411864683,0,0,2,0,0,0,3,5,0,0.5,0,0
0.3909161596,0.2222222222,0,2,2,0,2,15,26,0,0.75,0,0
0.4437467022,0,0,0,1,0.1818181818,1,9,10,0,0,0,0
0.4595315307,0.07142857143,0,6,18,0.07142857143,18,31,43,1,0.75,0.5,0
0.4048706988,0,0,0,0,0.7777777778,0,16,14,0,0.3333333333,0,0
0.4242408474,0.3333333333,0,0,0,0,0,6,6,0,0.3333333333,0,0
0.3362657974,0,0,0,0,0.6666666667,0,10,5,0,0.5,0,0
0.4826749729,0.4444444444,0,2,0,0,4,47,22,0,0.8,0,0
0.2614087195,0,0,0,0,0.8333333333,0,2,15,0,0.2,0,0
0.3066806018,0,0,2,2,0,2,4,9,0,0.3333333333,0,0
0.3742286325,0,0,2,2,0.6,6,18,9,1,0.75,0.75,0
0.3904366894,0.2307692308,0,0,0,0.3846153846,3,15,13,0,0.2,0,0
0.3944497655,0,0,2,2,1,2,6,21,0,0.3333333333,0,0
0.3864481254,0.3846153846,0,0,2,0,0,43,47,0,0.1666666667,0.4,0
0.4093601722,0.4375,5,7,19,0.6875,14,43,56,1,0.2,0.2,0
0.3269305928,0,0,0,0,0.6923076923,0,5,15,0,0.5,1,0
0.3712965343,0,0,5,0,0.5625,4,37,41,0,0.8,0,0
0.3953813076,0.4,8,8,12,0.4,16,36,26,1,1,0.5,0
0.3992302194,0.125,0,5,5,1,16,46,30,0,0.5,0.5,0
0.2817084417,0,0,0,0,0.5,0,4,4,0,0.4285714286,0.5,0
0.3767200013,0,0,0,0,0.3333333333,0,3,5,0,0,0,0
0.3549435437,0,0,0,0,0,0,1,1,0,0.75,0,0
0.2009898201,0,0,0,0,0.5,0,4,6,0,0.5,1,0
0.273354872,0,0,0,0,1,0,14,10,0,0,0,0
0.3055612028,0,0,0,0,0,0,17,9,0,0,0,0
0.4563802403,0.3333333333,0,0,0,0.3333333333,8,77,28,0,0.8,0.8,0
0.5417323623,0.8571428571,4,2,0,0.8571428571,8,23,24,1,0.4,0.4,0
0.3573420846,0,0,0,0,0,10,25,8,0,0.75,0,0
0.4306217987,0.2727272727,0,6,4,0,17,76,41,0,0.5714285714,0.3333333333,0
0.2794209973,0,0,7,15,0.4117647059,11,21,31,1,0.5,0,0
0.2596399151,0,0,2,0,0.5,4,12,12,0,0,0,0
0.432940598,0,0,0,0,0.5714285714,0,14,4,0,0.6666666667,1,0
0.4908415616,0.4,4,6,0,0.6,0,13,10,0,0,0,0
0.5483242869,0.5,2,2,0,0.75,2,27,7,0,1,0,0
0.3162728765,0.04166666667,0,2,1,0.4583333333,5,25,15,1,1,0.5,0
0.4739434536,0.1538461538,2,2,2,0.8461538462,4,14,18,0,1,0.3333333333,0
0.452796506,0.5714285714,0,0,0,0.1428571429,0,9,8,0,0.5,0.25,0
0.4411042134,0.25,0,2,4,0,6,31,15,0,1,0,0
0.634704411,1,0,0,3,0,6,9,5,0,0,0,0
0.2511926649,0,0,0,0,0,0,13,1,0,0,0,0
0.2753017728,0,0,0,0,0.1538461538,0,5,4,0,0.4,0.4,0
0.3403053787,0,0,1,1,0.5,1,4,6,0,0.25,1,0
0.3160717317,0,0,0,0,0,0,3,3,0,1,0,0
0.3238540621,0,0,7,2,0.8333333333,9,18,11,0,0.25,0.5,0
0.4238579306,0.3888888889,0,2,2,0.5,2,3,11,0,0.6,0,0
0.2918240162,0,0,8,4,0,8,25,22,0,0.5,0.5,0
0.5474485755,1,0,0,0,1,0,7,4,0,1,0,0
0.4741402141,0.2857142857,2,2,0,0.5714285714,4,23,15,0,0.75,0,0
0.4605946779,0.5,5,5,11,0,16,29,33,1,0.6,0,0
0.3158619106,0,0,0,0,0,0,2,3,0,1,1,0
0.2917042971,0,0,0,0,0,0,2,2,0,0,0,0
0.3976629284,0,0,0,1,0.3793103448,0,13,10,0,0,0,0
0.5066605695,0.125,0,0,0,0.625,0,9,7,0,1,0,0
0.4024577439,0,0,4,12,0.5555555556,4,19,30,0,0,0,0
0.4615427499,0.3636363636,4,8,0,0,0,12,9,0,0.5,0.3333333333,0
0.411864683,0,0,2,0,0,0,3,5,0,0.5,0,0
0.3909161596,0.2222222222,0,2,2,0,2,15,26,0,0.75,0.25,0
0.4437467022,0,0,0,1,0.1818181818,1,9,10,0,0,0,0
0.4595315307,0.07142857143,0,6,18,0.07142857143,18,31,43,1,0.5,0.5,0
0.4048706988,0,0,0,0,0.7777777778,0,16,14,0,0.3333333333,0,0
0.4242408474,0.3333333333,0,0,0,0,0,6,6,0,0.3333333333,0,0
0.3362657974,0,0,0,0,0.6666666667,0,10,5,0,0.5,0,0
0.4826749729,0.4444444444,0,2,0,0,4,47,22,0,0.8,0,0
0.2614087195,0,0,0,0,0.8333333333,0,2,15,0,0.2,0,0
0.3066806018,0,0,2,2,0,2,4,9,0,0.3333333333,1,0
0.3742286325,0,0,2,2,0.6,6,18,9,1,0.75,0.75,0
0.3904366894,0.2307692308,0,0,0,0.3846153846,3,15,13,0,0.2,0,0
0.3944497655,0,0,2,2,1,2,6,21,0,0.3333333333,0,0
0.3864481254,0.3846153846,0,0,2,0,0,43,47,0,0.5,0.4,0
0.4093601722,0.4375,5,7,19,0.6875,14,43,56,1,0.4,0.4,0
0.3269305928,0,0,0,0,0.6923076923,0,5,15,0,0.25,1,0
0.3712965343,0,0,5,0,0.5625,4,37,41,0,0.6,0,0
0.3953813076,0.4,8,8,12,0.4,16,36,26,1,1,0.5,0
0.3992302194,0.125,0,5,5,1,16,46,30,0,0.5,0.5,0
0.2817084417,0,0,0,0,0.5,0,4,4,0,0.5714285714,0.5,0
0.3767200013,0,0,0,0,0.3333333333,0,3,5,0,0,0.3333333333,0
0.3549435437,0,0,0,0,0,0,1,1,0,0.75,0,0
0.2009898201,0,0,0,0,0.5,0,4,6,0,0.5,1,0
0.273354872,0,0,0,0,1,0,14,10,0,0,0,0
0.3055612028,0,0,0,0,0,0,17,9,0,0,0,0
0.4563802403,0.3333333333,0,0,0,0.3333333333,8,77,28,0,0.6,0.6,0
0.5417323623,0.8571428571,4,2,0,0.8571428571,8,23,24,1,0.4,0.4,0
0.3573420846,0,0,0,0,0,10,25,8,0,0.5,0,0
0.4306217987,0.2727272727,0,6,4,0,17,76,41,0,0.5714285714,0.3333333333,0
0.2794209973,0,0,7,15,0.4117647059,11,21,31,1,0.5,0,0
0.2596399151,0,0,2,0,0.5,4,12,12,0,0,0,0
0.432940598,0,0,0,0,0.5714285714,0,14,4,0,0.6666666667,1,0
0.4908415616,0.4,4,6,0,0.6,0,13,10,0,0,0,0
0.5483242869,0.5,2,2,0,0.75,2,27,7,0,1,0,0
0.3162728765,0.04166666667,0,2,1,0.4583333333,5,25,15,1,1,0.5,0
0.4739434536,0.1538461538,2,2,2,0.8461538462,4,14,18,0,1,0.6666666667,0
0.452796506,0.5714285714,0,0,0,0.1428571429,0,9,8,0,0.5,0.25,0
0.4411042134,0.25,0,2,4,0,6,31,15,0,1,0,0
0.634704411,1,0,0,3,0,6,9,5,0,0,0,0
0.2511926649,0,0,0,0,0,0,13,1,0,0,0,0
0.2753017728,0,0,0,0,0.1538461538,0,5,4,0,0.4,0.4,0
0.3403053787,0,0,1,1,0.5,1,4,6,0,0.25,1,0
0.3160717317,0,0,0,0,0,0,3,3,0,0.5,0,0
0.3238540621,0,0,7,2,0.8333333333,9,18,11,0,0.5,0.5,0
0.4238579306,0.3888888889,0,2,2,0.5,2,3,11,0,0.6,0,0
0.2918240162,0,0,8,4,0,8,25,22,0,0.5,0.5,0
0.5474485755,1,0,0,0,1,0,7,4,0,1,0,0
0.4741402141,0.2857142857,2,2,0,0.5714285714,4,23,15,0,0.75,0,0
0.4605946779,0.5,5,5,11,0,16,29,33,1,0.6,0,0
0.3158619106,0,0,0,0,0,0,2,3,0,1,1,0
0.2917042971,0,0,0,0,0,0,2,2,0,0,0,0
0.3976629284,0,0,0,1,0.3793103448,0,13,10,0,0,0,0
0.5066605695,0.125,0,0,0,0.625,0,9,7,0,1,0,0
0.4024577439,0,0,4,12,0.5555555556,4,19,30,0,0,0,0
0.4615427499,0.3636363636,4,8,0,0,0,12,9,0,0.5,0.3333333333,0
0.411864683,0,0,2,0,0,0,3,5,0,0,0,0
0.3909161596,0.2222222222,0,2,2,0,2,15,26,0,0.75,0.25,0
0.4437467022,0,0,0,1,0.1818181818,1,9,10,0,0,0,0
0.4595315307,0.07142857143,0,6,18,0.07142857143,18,31,43,1,0.5,0.5,0
0.4048706988,0,0,0,0,0.7777777778,0,16,14,0,0.3333333333,0,0
0.4242408474,0.3333333333,0,0,0,0,0,6,6,0,0.3333333333,0.3333333333,0
0.3362657974,0,0,0,0,0.6666666667,0,10,5,0,0.5,0,0
0.4826749729,0.4444444444,0,2,0,0,4,47,22,0,0.8,0.2,0
0.2614087195,0,0,0,0,0.8333333333,0,2,15,0,0.4,0,0
0.3066806018,0,0,2,2,0,2,4,9,0,0.3333333333,0,0
0.3742286325,0,0,2,2,0.6,6,18,9,1,0.75,0.75,0
0.3904366894,0.2307692308,0,0,0,0.3846153846,3,15,13,0,0,0,0
0.1985661191,0,0,0,1,0,0,1,1,0,0,0,0
0.1217514748,0,0,1,0,0.1,0,1,1,0,0,0,0
0.3832308895,0.1428571429,1,1,1,0.4285714286,1,4,1,0,0,0,0
0.4160065241,0.125,1,1,0,0.125,1,3,2,0,0,0,0
0.415504617,0.1666666667,1,1,0,0.1666666667,1,4,3,0,0,0,0
0.2037514697,0,0,0,0,0,0,4,1,0,0,0,0
0.3900817964,0.1111111111,1,1,0,0.6666666667,2,21,14,0,0,0,0
0.3922569553,0,0,0,0,0.6666666667,0,2,1,0,0,0,0
0.3299370557,0,0,1,0,0,1,1,1,0,0,0,0
0.3554530108,0,0,2,3,0.4347826087,2,10,5,0,0.4545454545,0,0
0.2409111758,0,0,0,0,0,0,1,1,0,0,0,0
0.3691632032,0,0,0,0,0.4,0,1,1,0,0,0,0
0.331603816,0.07142857143,0,2,0,0.2142857143,3,3,1,0,0,0,0
0.2610708326,0,0,1,0,0,0,1,1,0,0,0,0
0.3812149993,0.1818181818,0,0,0,0.2727272727,0,6,2,0,0.2,0.1111111111,0
0.2704518835,0,0,0,0,0.3333333333,0,1,2,0,0,0,0
0.2557427943,0,0,0,0,0.4,0,1,1,0,0.6666666667,0,0
0.2110171746,0,0,1,0,0.1666666667,1,1,2,0,0,0,0
0.2117987966,0,0,0,0,0.1111111111,0,1,1,0,0,0,0
0.2499246124,0,0,1,0,0.2941176471,2,30,2,0,0,0,0
0.322004507,0,0,0,0,0,0,1,1,0,0,0,0
0.5396654606,1,0,0,0,0.5,0,2,1,0,0,0,0
0.06885918913,0,0,0,0,0,0,1,1,0,0,0,0
0.3608916799,0,0,0,0,0,0,1,1,0,0,0,0
0.2389589002,0,0,0,0,0,0,1,1,0,0,0,0
0.1407652254,0,0,0,0,0,0,1,1,0,0,0,0
0.2068439772,0,0,1,0,0,0,1,1,0,1,0,0
0.3505052701,0.3333333333,3,3,3,0.3333333333,3,6,3,1,0.5,0.5,0
0.3805230492,0.2222222222,0,0,0,0.2222222222,0,2,1,0,0.1428571429,0,0
0.7515904307,1,2,2,0,0,6,4,1,1,1,1,0
0.5237506011,0.3571428571,2,3,4,0.4285714286,3,11,7,1,0.5,0.4,0
0.4247399958,0.1538461538,1,2,1,0.3076923077,2,3,2,1,0.3333333333,0,0
0.0397025058,0,0,0,0,0,0,1,1,0,0,0,0
0.1990393788,0,0,1,1,0,1,18,6,0,0,0,0
0.1943780869,0,0,0,0,0,0,1,1,0,0,0,0
0.259196844,0,0,1,0,0,2,1,1,0,0,0,0
0.2662333222,0,0,4,2,0.4166666667,4,13,4,0,0,0,0
0.3401850959,0,0,0,0,0.6666666667,0,1,1,0,0,0,0
0.3091847003,0,0,0,0,0,0,1,1,0,0,0,0
0.2859458228,0,0,0,0,0,0,1,1,0,0,0,0
0.3405865401,0,0,0,0,0,0,1,1,1,0,0,0
0.3841971641,0.09523809524,0,1,0,0.5238095238,2,7,12,0,0,0,0
0.2735271871,0,0,0,0,0,1,1,1,1,0,0,0
0.1858818009,0,0,0,0,0.1428571429,0,1,1,0,0,0,0
0.1190708751,0,0,0,1,0.1428571429,0,4,4,0,0.1666666667,0,0
0.1923791012,0,0,0,0,0.125,0,2,1,0,0,0,0
0.1482815659,0,0,0,0,0.25,0,2,1,0,0,1,0
0.2014685988,0,0,0,0,0.3333333333,0,4,1,0,0,0,0
0.2679104645,0,0,0,1,0.4285714286,0,3,7,0,0,0,0
0.3466843888,0,0,0,0,0,0,1,1,0,0,0,0
0.4866635533,0.5,4,6,0,0.6428571429,5,9,3,0,0.5,0,0
0.2039811711,0,0,0,0,0.6666666667,0,1,1,0,0,0,0
0.3410800298,0,0,0,0,0,0,2,1,0,0,0,0
0.2008972019,0,0,0,0,0,0,1,1,0,0,0,0
0.1599349926,0,0,0,0,0,0,1,1,0,0,0,0
0.1444588279,0,0,0,0,0,0,2,2,0,0,0,0
0.1861378215,0,0,0,0,0.125,0,5,5,0,0,0,0
0.06918108091,0,0,0,0,0,1,2,2,0,0,0,0
0.3413286507,0,0,4,0,0.09090909091,1,6,2,0,0,0,0
0.2779661268,0,0,1,0,0,0,4,1,0,0,0,0
0.309880053,0,0,0,0,0.3333333333,1,1,1,0,0,0,0
0.2970580161,0,0,0,0,0,0,1,1,0,0.5,0,0
0.1588763987,0,0,0,0,0.08333333333,0,4,1,0,0,0,0
0.1608877215,0,0,0,0,0,0,2,2,0,0,0,0
0.2014685988,0,0,0,0,0.3333333333,0,4,1,0,0.25,0,0
-0.000359732957,0,0,0,0,0,2,2,1,0,0,0,0
0.1891161288,0,0,0,0,0,0,20,13,0,0,0,0
0.14404816,0,0,0,0,0,0,10,1,0,0,0,0
0.2037008901,0,0,0,0,0,0,6,2,0,0,0,0
0.1315217909,0,0,0,0,0,0,3,1,0,0,0,0
0.2790662962,0.04761904762,1,6,0,0,6,31,8,0,0.08333333333,0,0
0.1422373932,0,0,1,0,0,1,1,1,0,0,0,0
0.3909212708,0.2,0,0,0,0.4,1,3,1,0,0.3333333333,0,0
0.2586121197,0,0,0,0,0.5714285714,0,2,3,0,0.25,0,0
0.3538675424,0.1111111111,0,1,0,0.2222222222,1,7,2,0,0.4,0,0
0.2304983685,0,0,2,0,0,0,2,1,0,0,0,0
0.06116072236,0,0,0,0,0.1428571429,0,1,1,0,0,0,0
0.2528811842,0,0,0,0,0.25,0,1,1,0,0,0,0
0.1738074847,0,0,0,0,0,0,2,1,0,0,0,0
0.2213670773,0,0,0,0,0.5,0,2,1,0,0.25,0,0
0.2919140582,0,0,1,0,0,1,11,4,0,0,0,0
0.2904708435,0,0,2,0,0,3,3,2,0,0,0,0
0.1820171569,0,0,0,0,0.25,0,1,1,0,0,0,0
0.2670300309,0.1111111111,0,1,0,0,0,3,2,0,0,0,0
0.222792475,0.03703703704,0,4,5,0.03703703704,9,12,3,0,0,0,0
0.227887949,0,0,0,0,0,0,1,1,0,0,0,0
0.3563781083,0.1,0,3,1,0.3,3,8,4,0,0.07692307692,0,0
0.4793051928,0.5,0,0,0,0,0,1,1,0,0,0,0
0.06027859139,0,0,0,0,0.3333333333,0,1,1,0,0,0,0
0.3689753413,0,0,1,1,0,1,1,3,0,0,0,0
0.2882031143,0,0,0,0,0.2,0,1,1,0,0,0,0
0.2486642094,0,0,1,0,0,1,3,1,0,0.1,0,0
0.3969597518,0,0,0,0,0.5,0,1,1,0,0,0,0
0.415504617,0.1666666667,1,1,0,0.1666666667,1,4,3,0,0,0,0
0.2420845442,0,0,0,1,0,0,2,2,0,0,0,0
0.05942108544,0,0,0,0,0,0,1,1,0,0,0,0
0.2603522201,0,0,0,0,0.4,0,3,3,0,0.25,0,0
0.2603522201,0,0,0,0,0.4,0,3,3,0,0.375,0,0
0.1019206134,0,0,0,0,0,1,1,1,0,0,0,0
0.3261231897,0,0,1,0,0,0,1,1,0,0,0,0
0.3261231897,0,0,1,0,0,0,1,1,0,0,0,0
0.3071062738,0.12,3,3,0,0.12,3,17,10,0,0.04761904762,0,0
0.3071062738,0.12,3,3,0,0.12,3,17,10,0,0.04761904762,0,0
0.0776940672,0,0,0,0,0.5714285714,0,1,2,0,0,0,0
0.2815556228,0,0,0,0,1,0,1,1,0,0,0,0
0.392572833,0.1428571429,0,0,0,0,0,3,1,1,0.2,0,0
0.090863185,0,0,0,0,0.6666666667,0,1,1,0,0,0,0
0.1697035968,0,0,0,0,0.2,0,1,1,0,0,0,0
0.1993983526,0,0,0,0,0,0,2,1,0,0,0,0
0.3284052249,0,0,19,0,0,20,41,1,0,0,0,0
0.391316992,0.1,0,0,0,0,0,2,1,1,0.75,0.25,0
0.6146550603,0.8484848485,6,6,0,0,6,22,8,1,0.9375,0.75,0
0.4693880379,0.4,0,0,0,0.4,0,3,1,1,0,1,0
0.237219277,0,0,0,0,0.2,0,3,1,0,0,0.3333333333,0
0.1707588335,0,0,0,0,0,0,1,1,0,0,0,0
0.1885475155,0.06666666667,1,1,0,0,1,3,1,0,0,0,0
0.3451175969,0.125,1,1,2,0.5,1,9,4,1,0.3333333333,0.3333333333,0
0.1143555144,0,0,0,0,0,0,1,1,0,0,0,0
0.2121775831,0,0,0,0,0,0,4,2,0,0,0,0
0.2501058467,0,0,0,0,0,0,1,1,0,0.5,1,0
0.1767648906,0,0,0,0,0.3333333333,0,1,1,0,0,0,0
0.2982633073,0,0,0,0,0.2727272727,0,6,2,0,0.2,0.6,0
0.2446379076,0,0,0,0,0.1764705882,0,2,1,0,0,0,0
0.2074218515,0.1,0,0,0,0.1666666667,0,6,5,1,0.1,0,0
0.1415216799,0,0,0,0,0,0,1,1,1,0,0,0
0.3955087587,0,0,0,0,0,0,1,1,1,0.5,1,0
0.2971757043,0,0,0,0,0,0,2,2,0,0.1538461538,0.1538461538,0
0.1244712751,0,0,0,0,0,0,4,1,0,0,0,0
0.1471504943,0,0,0,0,0,0,2,1,0,0,0,0
0.2902840277,0,0,1,0,0,1,1,1,0,0,0,0
0.3861758014,0,0,0,0,0.6666666667,0,1,1,0,0,1,0
0.3861758014,0,0,0,0,0,0,1,1,0,0,1,0
0.3877414549,0.3125,1,2,0,0,2,2,1,0,0,0,0
0.217676878,0,0,0,0,0,0,1,1,0,0,0,0
0.5622380823,0.5833333333,3,3,3,0.3333333333,3,4,3,1,0.125,1,0
0.1956806276,0,0,1,1,0.1111111111,1,2,1,0,0,0,0
0.5879126638,0.5,1,1,1,0.25,1,1,1,1,0,0,0
0.2906059674,0,0,0,1,0,0,1,2,0,0,0,0
0.2326979612,0.05555555556,1,2,1,0.2222222222,2,3,4,0,0,0,0
0.1641866807,0,0,0,0,0,0,1,1,0,0,0,0
0.5010378105,0.4285714286,1,2,2,0.5714285714,2,2,2,0,0,0,0
0.05091055948,0,0,0,0,0,0,1,1,0,0,0,0
0.4442580586,0.2727272727,1,1,0,0.3636363636,0,1,6,0,0,0,0
0.1824685447,0,0,0,0,0.5,0,1,1,0,1,0,0
0.2717638867,0,0,0,1,0.4285714286,0,3,1,0,0,0,0
0.249572897,0,0,0,0,0,0,3,1,0,0,0,0
0.1314307973,0,0,0,0,0.25,0,4,1,0,0,0,0
0.08592033735,0,0,0,0,0.25,0,1,1,0,0,0,0
0.1523459414,0,0,0,1,0,0,3,1,0,0,0,0
0.1523459414,0,0,0,1,0,0,3,1,0,0,0,0
0.1523459414,0,0,0,1,0,0,3,1,0,0,0,0
0.1523459414,0,0,0,1,0,0,3,1,0,0,0,0
0.03626807694,0,0,5,0,0.3125,4,9,5,0,0,0,0
0.09307032876,0,0,0,0,0,0,9,1,0,0,0,0
0.1848783505,0,0,1,0,0.1666666667,1,2,1,0,0.125,0,0
0.08370254748,0,0,2,0,0.25,2,6,5,0,0,0,0
0.2107924595,0,0,1,0,0.3333333333,1,3,5,0,0,0,0
0.2107924595,0,0,1,0,0.3333333333,1,3,5,0,0,0,0
0.08071002068,0,0,0,0,0.2941176471,0,10,5,0,0,0,0
0.4758313335,0.5,1,1,1,0,1,1,1,1,0.5,1,0
0.1971120978,0.03571428571,0,2,0,0,1,9,4,0,0,0,0
0.1192997371,0,0,0,0,0,0,1,1,0,0,0,0
0.1311645467,0,0,0,0,0,2,3,1,0,0,0,0
0.1080286875,0,0,0,0,0,0,2,1,0,0,0,0
0.1789932346,0,0,2,0,0.1111111111,4,17,1,0,0,0,0
0.08958764722,0,0,4,0,0.07692307692,15,32,3,0,0,0,0
0.1300525149,0,0,2,0,0,0,4,1,0,0,0,0
0.03701915632,0,0,2,0,0.25,1,5,3,0,0,0,0
0.113775372,0,0,0,0,0,0,1,1,0,0,0,0
0.2386429954,0,0,0,0,0,0,3,1,0,0,0,0
0.2386429954,0,0,0,0,0,0,3,1,0,0,0,0
0.2783519402,0,0,0,0,0,0,1,2,0,0,0,0
0.2783519402,0,0,0,0,0,0,1,2,0,0,0,0
0.1964184167,0,0,0,0,0,0,6,11,0,0,0,0
0.1964184167,0,0,0,0,0,0,6,11,0,0,0,0
0.2176782636,0,0,1,0,0,1,8,4,0,0,0,0
0.09292255035,0,0,3,0,0.1,3,12,1,0,0,0,0
0.07602535747,0,0,0,0,0,0,2,1,0,0,0,0
0.1300525149,0,0,2,0,0,0,4,1,0,0,0,0
0.1971120978,0.03571428571,0,2,0,0,1,9,4,0,0,0,0
-0.016372771,0,0,0,0,0,0,2,1,0,0,0,0
0.1537472811,0,0,0,0,0,0,6,2,0,0,0,0
0.2342524148,0,0,1,0,0,1,2,2,0,0,0,0
0.2342524148,0,0,1,0,0,1,2,2,0,0,0,0
0.1311645467,0,0,0,0,0,2,3,1,0,0,0,0
0.05631570026,0,0,5,0,0,10,12,11,0,0,0,0
0.155900217,0,0,3,0,0.6666666667,3,7,3,0,0,0,0
0.3425684933,0.1428571429,2,2,1,0.2857142857,1,15,5,1,0.5,0.2727272727,0
0.3425684933,0.1428571429,2,2,1,0.2857142857,1,15,5,1,0.5,0.2727272727,0
0.2236790359,0,0,0,0,0,0,1,1,0,1,0,0
0.2236790359,0,0,0,0,0,0,1,1,0,1,0,0
0.2236790359,0,0,0,0,0,0,1,1,0,1,0,0
0.2236790359,0,0,0,0,0,0,1,1,0,1,0,0
0.1939383643,0,0,0,1,0.04166666667,0,8,4,0,0,0,0
0.0631990567,0,0,4,0,0.03225806452,5,13,4,0,0,0,0
0.07521989297,0,0,1,0,0,0,5,2,0,0,0,0
0.3056909165,0,0,0,0,0,1,1,3,0,0,0,0
0.1978683112,0,0,0,0,0,0,1,1,0,0,0,0
0.04314685054,0,0,0,0,0,0,1,1,0,0,0,0
0.3448149338,0,0,0,0,0,0,1,1,0,0,0,0
0.2029102191,0,0,0,0,0.07142857143,0,6,8,0,0,0,0
0.1351588666,0,0,0,0,0,0,1,1,0,0,0,0
0.3463610411,0,0,1,0,0,1,1,1,0,0,0,0
0.3841576874,0,0,0,0,0,0,1,1,0,0,1,0
0.2987259626,0,0,0,0,0,0,1,1,0,0,0,0
0.339776691,0.125,0,0,0,0.25,0,1,2,0,0.2,0.5,0
0.1397955269,0,0,0,0,0,0,3,1,0,0,0,0
0.2394640446,0,0,0,0,0,0,1,1,0,0,0,0
0.203011586,0,0,0,0,0.3333333333,0,1,1,0,0,0,0
0.1753619398,0,0,0,0,0,0,1,1,0,0,0,0
0.2392807603,0,0,0,0,0,0,1,1,0,0,0,0
0.3724101782,0,0,0,0,0,0,1,1,0,0,0,0
0.1198218222,0,0,0,0,0,0,3,2,0,0.1666666667,0.1666666667,0
0.2068637758,0,0,0,0,1,0,1,2,0,0,1,0
0.164315857,0,0,0,0,0,0,1,1,0,0,0,0
0.1101746485,0,0,0,0,0,0,1,1,0,0,0,0
0.1660578003,0,0,0,0,0,0,1,1,0,0,0,0
0.1308687001,0,0,0,0,0.4,0,1,2,0,0,0,0
0.08221275397,0,0,0,0,0,0,2,1,0,0,0,0
0.3102395833,0,0,0,0,0,0,4,3,0,0,0,0
0.1309090704,0,0,0,0,0,0,1,1,0,0,0,0
0.1032136522,0,0,0,0,0.1666666667,0,1,1,0,0,0,0
0.3957930803,0,0,0,0,0,0,1,1,1,0,0,0
0.1442518756,0,0,0,0,0,0,1,1,0,0,0,0
0.04244358791,0,0,0,0,0,0,2,1,0,0,0,0
0.4257417917,0.25,1,1,1,0.25,1,1,1,1,0,0.5,0
0.2775278091,0,0,0,0,0,0,1,1,0,0,0,0
0.04630306324,0,0,0,0,0,0,5,1,0,0.2,0,0
0.0810148255,0,0,0,0,0,0,1,1,0,0,0,0
0.326172534,0,0,0,0,0.2222222222,0,1,1,0,0,0.3333333333,0
0.3443286469,0,0,0,0,0,0,1,1,0,0,1,0
0.1825245246,0,0,0,0,0,0,1,1,0,0,0.5,0
0.139332811,0,0,0,0,0,0,1,1,0,0,0,0
0.3241928816,0,0,0,0,0,0,1,1,0,0,0,0
0.2353180796,0,0,1,0,0,1,1,1,0,0,0,0
0.1035440336,0,0,0,0,0,0,2,1,0,0,0,0
0.3588629663,0,0,0,0,0,0,1,1,0,0,0,0
0.1809544421,0,0,1,1,0.5714285714,1,6,3,0,0,0.25,0
0.4287464172,0,0,0,0,0.5,0,1,1,0,0,1,0
0.1458106507,0,0,0,0,1,0,12,5,0,0.3333333333,0.6666666667,0
0.1670946777,0,0,0,0,0,0,1,1,0,0,0,0
0.5950347284,0.6666666667,0,0,0,1,0,2,1,0,0,0,0
0.3562804659,0.1111111111,0,0,0,0,0,3,1,0,0.6666666667,0.6666666667,0
0.2851654291,0,0,0,0,0,0,1,1,0,0,0,0
0.1817033464,0,0,1,0,0.08333333333,0,1,2,0,0,0,0
0.177932715,0,0,0,0,0.5,0,1,1,0,0,0,0
0.2409463095,0,0,3,0,0.1538461538,4,17,1,0,0,0,0
0.2136794701,0,0,0,0,0,0,2,1,0,0,0,0
0.2136794701,0,0,0,0,0,0,2,1,0,0,0,0
0.2136794701,0,0,0,0,0,0,2,1,0,0,0,0
0.06142014638,0,0,0,0,0.25,0,1,1,0,0.25,0,0
0.03114734404,0,0,0,0,0,0,1,1,0,0,0,0
0.1653339683,0,0,0,0,0,0,16,6,0,0,0,0
0.1653339683,0,0,0,0,0,0,16,6,0,0,0,0
0.2761747912,0,0,0,0,0,0,1,1,0,0,0,0
0.1280802395,0,0,2,0,0.06666666667,0,35,2,0,0,0,0
0.07129254825,0,0,1,0,0.3,1,1,1,0,0,0,0
0.3241279125,0,0,0,0,0,0,1,1,0,0,0,0
0.2518916974,0,0,0,0,0.3333333333,0,1,2,0,0,0,0
0.3410374125,0,0,0,0,0.6666666667,0,1,1,0,0,0,0
0.1071975399,0,0,2,0,1,2,2,1,0,0,0,0
0.1429885738,0,0,0,0,0,0,1,1,0,0,0,0
0.3357056578,0,0,0,0,0,0,1,1,0,0,0,0
0.1150517364,0,0,1,0,0,0,1,1,0,0,0,0
0.2881957243,0.1666666667,1,2,0,0,3,4,1,1,0,0,0
0.3403935581,0.2857142857,0,0,0,0.5714285714,0,3,2,0,0,0,0
0.2087686304,0,0,0,0,0.3333333333,0,1,2,0,0,0,0
0.5482693315,1,0,0,0,0.5,0,2,3,0,0,0,0
0.3290564588,0.1428571429,1,2,0,0.7142857143,1,1,1,0,0.6,0.2,0
0.431135947,0.2105263158,0,0,1,0,0,21,6,0,0.3333333333,0.2857142857,0
0.2867821455,0,0,0,1,0.1818181818,0,8,1,0,0.1666666667,0,0
0.1501949144,0,0,0,0,0,0,1,1,0,0.3333333333,0,0
0.1696540183,0,0,0,0,0,0,2,2,0,0,0,0
0.1559919048,0,0,0,0,0.1,1,2,2,0,0,0,0
0.4220618308,0,0,0,0,1,0,1,1,0,0,0,0
0.4232205475,0.3333333333,0,0,0,0.25,0,2,7,0,0,0,0
0.3150574462,0,0,1,0,0.2307692308,2,8,3,0,0,0,0
0.1860284233,0,0,0,0,0.1666666667,0,4,1,0,0,0,0
0.1027956735,0,0,0,0,0,0,1,1,0,0,0,0
0.2636768222,0,0,0,0,0.3333333333,0,1,2,0,0,0,0
0.2645377442,0,0,0,0,0,0,1,1,1,0,0,0
0.2349445459,0.1428571429,0,1,0,0.2857142857,0,5,3,0,0,0,0
0.2955696136,0,0,0,0,0,0,5,2,0,0,0,0
0.4760605295,0.3333333333,0,0,0,0,0,8,6,0,1,0,0
0.3570401818,0,0,0,0,0,0,1,1,1,0,0,0
0.4261358016,0.3333333333,1,1,0,0,1,2,1,1,0.4285714286,0,0
0.2732389395,0,0,0,0,0.3333333333,0,1,1,0,0,0,0
0.2068439772,0,0,1,0,0,0,1,1,0,1,0,0
0.3504453719,0,0,3,0,0.6,3,5,11,0,0,0,0
0.3291793615,0,0,0,0,0.5,0,1,1,0,0,0,0
0.2414848194,0,0,0,0,0,0,4,1,0,0,0,0
0.3819338009,0.25,1,1,0,0.25,1,1,1,0,0,0,0
0.2991785663,0,0,0,0,0.4285714286,0,3,2,0,0,0,0
0.4052512745,0.3333333333,0,0,1,0.6666666667,0,2,1,0,0.5,0,0
0.2284422889,0,0,0,0,0.5,0,1,1,0,0,0,0
0.3788052599,0,0,0,0,0,0,1,1,0,0,0,0
0.3751709729,0.2,0,0,0,0.4,0,1,1,0,0,0,0
0.2911516905,0,0,0,0,0.4,0,1,1,0,0,0,0
0.1915186137,0,0,1,0,0.2,0,1,1,0,0,0,0
0.3258209924,0,0,0,0,0.6666666667,0,1,1,0,0,0,0
0.2746515237,0,0,0,0,0.25,0,1,1,0,0,0,0
0.2177046165,0,0,0,0,0,0,2,1,0,0,1,0
0.2443491779,0,0,0,0,0,0,2,2,0,0,0,0
0.4252810478,0.3333333333,0,0,0,0.3333333333,0,1,1,0,0,0,0
0.1957557295,0,0,0,0,0.6666666667,0,1,1,0,0,0,0
0.2644171665,0,0,0,0,0,0,1,1,0,0,0,0
0.4536882639,0.3333333333,1,1,0,1,1,2,2,1,0,0,0
0.05625681672,0,0,0,0,0,0,1,1,0,0,0,0
0.3584921658,0,0,0,1,0.25,0,1,1,1,0.3333333333,0,0
0.1160857733,0,0,0,0,0,0,1,1,0,0,0,0
0.2446814105,0,0,0,0,0.5,0,1,1,0,0,0,0
0.2642530426,0,0,0,0,0.3333333333,0,6,2,0,0,0,0
0.5242835939,0.6,0,0,0,0,0,10,7,0,1,0,0
0.2281486938,0,0,0,0,0,0,1,1,1,0,0,0
0.1706639801,0,0,0,0,0,0,3,1,0,0.25,0,0
0.4751067013,0.4444444444,0,0,0,0.4444444444,0,12,5,0,0.75,0,0
0.2360587716,0,0,0,0,0,0,1,1,0,0,0,0
0.2662233363,0,0,1,0,0.3333333333,1,1,1,0,0,0,0
0.4725374103,0.4,0,0,0,0,0,2,1,0,0,0,0
0.3509756225,0,0,0,0,0.1818181818,0,11,2,0,0.75,0,0
0.4796876796,0.5,2,2,0,0.25,0,2,1,0,0.6666666667,1,0
0.6178144574,1,3,2,0,0.2,0,4,2,0,0.6666666667,0,0
0.3011774123,0,0,0,0,0,0,1,1,0,0,0,0
0.4128637761,0.5,0,0,0,0.5,0,1,1,0,0,0,0
0.3051815042,0.1538461538,0,0,0,0,0,11,6,0,0.8333333333,0.3333333333,0
0.2297222382,0,0,1,0,0.125,0,3,5,0,0.8,0,0
0.4970119596,0.6666666667,0,0,0,1,0,2,2,0,0,0,0
0.412183749,0.1578947368,0,0,0,0.1052631579,0,6,6,0,0.8888888889,0,0
0.180245094,0,0,0,0,0,0,1,1,0,1,0,0
0.2294736207,0,0,0,0,0.3333333333,0,2,1,0,0,0,0
0.3689206857,0.25,0,0,0,0.5,0,1,2,0,0.5,0,0
0.2603729159,0,0,1,0,0.2,1,1,2,0,0.4,0,0
0.4601375386,0.5,0,0,0,0.3333333333,0,2,1,0,0.3333333333,0,0
0.1822149853,0,0,1,0,0,1,1,1,1,0.5,0,0
0.335658983,0,0,2,0,0,0,6,2,0,0.5,0,0
0.4098860323,0.25,0,0,0,0.75,0,1,2,0,0.3333333333,0,0
0.2684795275,0.2,1,1,0,1,0,2,4,0,0.5,0,0
0.3861969089,0.1666666667,0,0,0,0.3333333333,0,1,1,0,0.5,0,0
0.3096705526,0.3333333333,2,5,0,0,4,11,7,0,0.3333333333,0,0
0.2554395348,0,0,0,0,0,0,4,4,0,0.3333333333,0,0
0.4051229116,0.25,0,0,0,0.125,0,3,3,0,0,0,0
0.5177530135,0.5714285714,0,0,0,0,0,4,3,0,0.5,0.3333333333,0
0.5778621435,1,0,0,0,0.5,0,1,1,0,1,0,0
0.2739975887,0,0,0,0,0,0,4,1,0,0,0,0
0.3746722516,0.2857142857,0,0,0,0.5714285714,0,4,4,0,0.3333333333,0,0
0.3389464766,0.3333333333,1,1,0,0.3333333333,0,1,1,1,0,0,0
0.4137260238,0.1333333333,0,0,0,0.06666666667,0,2,3,0,1,0,0
0.4543709507,0.3333333333,0,0,0,0.6666666667,0,1,2,1,0,0,0
0.3990470866,0,0,0,0,0,0,3,1,0,1,0,0
0.440924434,0.3125,1,4,0,0,2,18,3,0,0.4285714286,0,0
0.440924434,0.3125,1,4,0,0,2,18,3,1,0.4285714286,0,0
0.4437248958,0.5,0,1,0,0.625,1,11,6,0,0,0,0
0.154077448,0,0,0,0,0,0,1,1,0,0,0,0
0.2126179876,0,0,0,0,0.1333333333,0,3,2,0,0.2,0,0
0.2214240319,0,0,4,0,0,0,19,5,1,0.1666666667,0.2,0
0.2214240319,0,0,4,0,0,0,19,5,0,0,0.2,0
0.2404890496,0,0,0,0,0,0,9,3,0,0,0,0
0.309745408,0.07692307692,0,1,0,0.3076923077,1,3,3,0,0.8,0,0
0.1213044872,0,0,0,0,0.5,0,1,1,0,0,0,0
0.08019583548,0,0,0,0,0,0,4,2,0,0,0,0
0.3224052191,0,0,0,0,0,0,1,3,0,0,0,0
0.3170942068,0,0,0,0,0,0,1,1,1,0.5,0.5,0
0.3114580289,0,0,0,0,0,0,1,1,0,1,0,0
0.1947060168,0,0,0,0,0,0,1,1,0,0,0,0
0.3068553933,0,0,0,0,0.2857142857,0,3,2,0,0.3333333333,0,0
0.3543288988,0,0,0,0,0.2941176471,1,3,9,0,0.1428571429,0,0
0.143149212,0,0,0,0,0,0,1,1,0,0,0,0
0.1667417139,0,0,0,0,0.5,0,2,9,0,0,0,0
0.4127274826,0,0,1,0,0,1,1,3,0,0,0,0
0.2680743337,0,0,0,0,0.3333333333,0,2,1,0,0,0,0
0.2223527879,0,0,0,0,0.5,0,1,1,0,0,0,0
0.1156006306,0,0,0,0,0.5,0,1,1,0,0,0,0
0.2636074622,0,0,0,0,0,0,10,1,0,0,0,0
0.2320039835,0,0,0,0,0,0,2,1,0,0,0,0
0.3841230944,0,0,0,0,0,0,1,1,0,1,0.5,0
0.283921738,0,0,0,0,0.3,0,2,2,0,0.25,0,0
0.2452358603,0,0,0,0,0,0,1,1,0,0,0,0
0.2878657549,0,0,1,0,0.2352941176,0,3,2,0,0,0,0
0.2878657549,0,0,1,0,0.2352941176,0,3,2,0,0,0,0
0.4545958638,0.3333333333,0,0,0,0,0,1,1,0,0,0,0
0.4545958638,0.3333333333,0,0,0,0,0,1,1,0,0,0,0
0.1573256247,0,0,0,0,0.4,0,3,1,0,0,0,0
0.188260401,0,0,0,0,0,0,2,1,0,0,0,0
0.188260401,0,0,0,0,0,0,2,1,0,0,0,0
0.2946399842,0.1304347826,3,5,3,0,4,9,1,1,0.3571428571,0.3846153846,0
0.2522389312,0.04545454545,0,0,0,0.2727272727,0,12,2,0,0.1111111111,0.1111111111,0
0.3844035,0.2,1,1,0,0,0,1,2,0,0.25,0,0
0.1410377473,0,0,0,0,0,0,1,1,0,0,0,0
0.1410377473,0,0,0,0,0,0,1,1,0,0,0,0
0.1468351465,0,0,0,0,0.5,0,1,2,0,0,0,0
0.1468351465,0,0,0,0,0.5,0,1,2,0,0,0,0
0.2547313165,0,0,0,0,0,0,2,2,0,0,0,0
0.2693512031,0,0,0,0,0.1481481481,0,6,2,1,0,0,0
0.2921052792,0,0,0,1,0.2941176471,0,9,6,0,0.06666666667,0.1,0
0.3459777779,0.07142857143,1,1,0,0.6428571429,1,10,19,0,0.25,0.06666666667,0
0.4030837953,0.2,2,2,5,0.7333333333,1,8,8,1,0.7777777778,0.4285714286,0
0.3528460264,0,0,1,0,0,1,1,1,0,0,0,0
0.7273991108,1,3,2,1,0.75,1,2,1,1,0.5,0.5,0
0.3116667792,0,0,0,0,0.1666666667,0,4,1,0,0,0,0
0.3116667792,0,0,0,0,0.1666666667,0,4,1,0,0,0,0
0.2999198623,0,0,0,0,0,0,2,1,0,0,0,0
0.3477128975,0.02631578947,0,0,0,0.2894736842,0,34,7,0,0.1428571429,0,0
0.2472724739,0.2,1,1,1,0,1,4,3,1,0.25,0.25,0
0.2444974631,0,0,0,0,0,0,7,1,0,0,0,0
0.468181394,0.25,0,0,0,0.25,0,1,1,0,0.3333333333,0,0
0.3060490191,0,0,0,0,0,0,5,1,0,0,0,0
0.3060490191,0,0,0,0,0,0,5,1,0,0,0,0
0.3452926183,0.09090909091,0,0,0,0,0,5,1,0,0.25,0,0
0.3452926183,0.09090909091,0,0,0,0,0,5,1,0,0,0,0
0.3887088605,0.1111111111,0,0,0,0.3333333333,0,2,3,0,0,0,0
0.2726795137,0,0,0,0,0.2,0,1,1,0,0,0,0
0.2726795137,0,0,0,0,0.2,0,1,1,0,0,0,0
0.2291449532,0,0,0,0,0.25,0,3,1,0,0,0,0
0.2456154289,0,0,0,0,0.3333333333,0,2,2,0,0,0,0
0.2034806654,0,0,0,0,0.4,0,1,1,0,0,0,0
0.2017012941,0,0,0,0,0.1428571429,0,6,4,0,0,0,0
0.2291585147,0,0,0,0,0.8,0,5,16,0,0,0,0
0.159222175,0,0,0,0,0.36,0,53,27,0,0,0,0
0.4063623341,0.3076923077,1,1,1,0.5384615385,0,5,1,1,0.2,0.2,0
0.1379109741,0,0,0,0,0.5625,0,10,29,0,0,0,0
0.2482016049,0,0,0,0,0.25,0,1,1,0,0,0,0
0.3111219634,0,0,0,0,0.6388888889,5,14,39,0,0.1875,0,0
0.07166334614,0,0,0,0,0,0,3,1,0,0,0,0
0.2291840766,0,0,0,0,0.5862068966,0,16,22,0,0,0,0
0.1956242297,0,0,0,0,0.2666666667,0,1,1,0,0,0,0
0.2997021859,0,0,0,0,0.3846153846,0,11,6,0,0,0,0
0.2760376228,0,0,4,0,0.5,5,6,28,0,0,0,0
0.2716115329,0,0,0,0,0.59375,0,17,26,0,0.05263157895,0,0
0.1078744536,0,0,0,0,0.6,0,1,1,0,0,0,0
0.3087071709,0,0,0,0,0.65,0,24,29,0,0.09090909091,0,0
0.1495437551,0,0,0,0,0.2,0,1,3,0,0,0,0
0.1201278689,0,0,0,1,0.6315789474,0,3,22,0,0,0,0
0.1876415771,0,0,0,0,0.2727272727,0,7,4,0,0,0,0
0.2450739687,0,0,0,0,0.4545454545,0,20,3,0,0,0,0
0.3726550392,0,0,0,0,0.4782608696,0,5,17,0,0,0,0
0.3549621999,0,0,0,0,0,0,1,1,0,0,0,0
0.2294776599,0,0,1,0,0.3125,0,8,4,0,0.25,0,0
0.3833459446,0.225,9,39,0,0.2,45,64,12,0,0.2222222222,0.1176470588,0
0.3833459446,0.225,9,39,0,0.2,45,64,12,0,0.2222222222,0.1176470588,0
0.1956444172,0,0,0,0,0,0,1,1,0,0,0,0
0.137332429,0,0,0,0,0.1428571429,0,1,1,0,0,0,0
0.322905004,0,0,1,0,0.3333333333,1,1,1,0,0,0,0
0.2385435244,0,0,0,0,0.25,0,5,1,0,0,0,0
0.2385435244,0,0,0,0,0.25,0,5,1,0,0,0,0
0.2313254654,0,0,0,0,0.2,0,2,1,0,0,0,0
0.1597932117,0,0,0,0,0.1111111111,0,1,1,0,0,0,0
0.2363841645,0,0,1,0,0.3333333333,1,6,2,1,0.1111111111,0,0
0.2034806654,0,0,0,0,0.4,0,1,1,0,0,0,0
0.2619645894,0,0,0,0,0.5,0,1,1,0,0,0,0
0.2668364979,0,0,0,0,0.5,0,1,1,0,0,0,0
0.2204377989,0,0,0,0,0,0,2,1,0,0.25,0,0
0.3069222197,0,0,0,0,0,0,2,1,1,0,0.5,0
0.3523421846,0,0,0,0,0,0,1,1,1,0.5,0.5,0
0.3833459446,0.225,9,39,0,0.2,45,64,12,0,0.2222222222,0.1176470588,0
0.1956444097,0,0,0,0,0,0,1,1,0,0,0,0
0.1373324317,0,0,0,0,0.1428571429,0,1,1,0,0,0,0
0.322905014,0,0,1,0,0.3333333333,1,1,1,0,0,0,0
0.2385435244,0,0,0,0,0.25,0,5,1,0,0,0,0
0.2385435244,0,0,0,0,0.25,0,5,1,0,0,0,0
0.2313254476,0,0,0,0,0.2,0,2,1,0,0,0,0
0.1597932176,0,0,0,0,0.1111111111,0,1,1,0,0,0,0
0.2363841654,0,0,1,0,0.3333333333,1,6,2,0,0.1111111111,0,0
0.2034806676,0,0,0,0,0.4,0,1,1,0,0,0,0
0.2619645894,0,0,0,0,0.5,0,1,1,0,0,0,0
0.2668364979,0,0,0,0,0.5,0,1,1,0,0,0,0
0.2204377964,0,0,0,0,0,0,2,1,0,0.25,0,0
0.3069222147,0,0,0,0,0,0,2,1,0,0,0.5,0
0.3523421846,0,0,0,0,0,0,1,1,1,0.5,0.5,0
0.151727278,0,0,0,0,0,0,22,2,0,0,0,0
0.3092963029,0,0,0,0,0,0,2,7,0,0.1111111111,0,0
0.3092963029,0,0,0,0,0,0,2,7,0,0.1111111111,0,0
0.2482016049,0,0,0,0,0.25,0,1,1,0,0,0,0
0.2791440455,0,0,0,0,0.1428571429,0,2,4,0,0,0,0
0.3379973218,0.08695652174,0,0,0,0,0,2,1,1,0.4,0,0
0.3628142695,0.05555555556,0,0,0,0.05555555556,0,4,2,1,0.2222222222,0,0
0.4648949802,0.5,0,0,0,0,0,1,1,0,1,1,0
0.4694051544,0.3333333333,0,0,0,0.6666666667,0,1,1,1,1,1,0
0.4694051544,0.3333333333,0,0,0,0.6666666667,0,1,1,1,1,1,0
0.4694051544,0.3333333333,0,0,0,0.6666666667,0,1,1,1,1,1,0
0.4694051544,0.3333333333,0,0,0,0.6666666667,0,1,1,1,1,1,0
0.4694051544,0.3333333333,0,0,0,0.6666666667,0,1,1,1,1,1,0
0.4098695293,0,0,0,0,0.25,0,1,2,0,0.5,0.5,0